date,site,Length (mm),Weight (gm),Sex,Stage,Count
4/10/2017,Shadow Brook,0,,Male,Ripe,1
4/12/2017,Hayden Creek,0,,Male,Ripe,1
4/17/2009,Cripple Creek,340,,Male,Ripe,1
4/17/2009,Cripple Creek,353,,Male,Ripe,1
4/5/2009,Hayden Creek,354,,Male,Ripe,1
4/20/2009,Shadow Brook,360,,Male,Spent,1
4/12/2009,Shadow Brook,364,,Male,Ripe,1
4/16/2009,Cripple Creek,365,,Male,Ripe,1
4/18/2009,Shadow Brook,366,,Male,Ripe,1
4/16/2009,Cripple Creek,369,,Male,Ripe,1
4/24/2018,Shadow Brook,369,673,Male,Ripe,1
4/5/2009,Cripple Creek,370,,Male,Ripe,1
4/5/2009,Hayden Creek,371,,Male,Ripe,1
4/10/2018,Shadow Brook,372,,Male,Ripe,1
4/7/2009,Shadow Brook,373,539,Male,Ripe,1
4/12/2009,Hayden Creek,373,,Male,Ripe,1
4/18/2009,Shadow Brook,374,,Male,Ripe,1
4/9/2009,Hayden Creek,375,425,Male,Ripe,1
4/12/2009,Shadow Brook,376,,Male,Ripe,1
4/17/2009,Cripple Creek,376,,Male,Ripe,1
4/20/2009,Hayden Creek,376,,Male,Spent,1
4/22/2013,Shadow Brook,376,,Male,Ripe,1
4/12/2009,Shadow Brook,377,,Male,Ripe,1
4/16/2009,Shadow Brook,377,,Male,Ripe,1
4/17/2009,Cripple Creek,377,,Male,Ripe,1
4/9/2009,Hayden Creek,378,482,Male,Ripe,1
4/17/2009,Cripple Creek,378,,Male,Ripe,1
4/9/2009,Hayden Creek,379,454,Male,Hard,1
4/7/2009,Hayden Creek,380,737,Male,Ripe,1
4/9/2009,Hayden Creek,380,454,Male,Ripe,1
4/12/2009,Hayden Creek,380,,Male,Ripe,1
4/12/2009,Hayden Creek,380,,Male,Ripe,1
4/18/2009,Shadow Brook,380,,Male,Ripe,1
4/12/2009,Shadow Brook,381,,Male,Ripe,1
4/12/2009,Shadow Brook,381,,Male,Ripe,1
4/14/2009,Hayden Creek,382,,Male,Ripe,1
4/5/2009,Hayden Creek,384,,Male,Ripe,1
4/7/2009,Hayden Creek,384,595,Male,Ripe,1
4/17/2009,Cripple Creek,384,,Male,Ripe,1
4/7/2009,Hayden Creek,385,567,Male,Ripe,1
4/12/2009,Shadow Brook,385,,Male,Ripe,1
4/15/2013,Shadow Brook,385,,Male,Ripe,1
4/5/2009,Shadow Brook,386,,Male,Ripe,1
4/10/2009,Hayden Creek,388,,Male,Ripe,1
4/7/2009,Hayden Creek,390,539,Male,Ripe,1
4/12/2009,Hayden Creek,390,,Male,Ripe,1
4/7/2009,Hayden Creek,392,595,Male,Ripe,1
4/9/2009,Hayden Creek,392,595,Male,Ripe,1
4/17/2009,Shadow Brook,392,,Male,Ripe,1
4/18/2009,Shadow Brook,393,,Male,Ripe,1
4/17/2009,Cripple Creek,394,,Male,Spent,1
4/12/2017,Shadow Brook,394,,Male,Ripe,1
4/14/2017,Shadow Brook,394,,Male,Ripe,1
4/20/2009,Hayden Creek,395,,Male,Spent,1
4/10/2009,Shadow Brook,396,,Male,Ripe,1
4/14/2009,Hayden Creek,396,,Male,Ripe,1
4/15/2013,Shadow Brook,396,,Male,Ripe,1
4/7/2009,Hayden Creek,397,652,Male,Ripe,1
4/7/2009,Hayden Creek,397,680,Male,Ripe,1
4/9/2009,Hayden Creek,397,567,Male,Ripe,1
4/14/2009,Hayden Creek,397,,Male,Ripe,1
4/15/2013,Shadow Brook,397,,Male,Ripe,1
4/17/2009,Cripple Creek,398,,Male,Ripe,1
4/17/2009,Shadow Brook,398,,Male,Ripe,1
4/17/2009,Cripple Creek,399,,Male,Ripe,1
4/18/2009,Shadow Brook,399,,Male,Ripe,1
4/18/2013,Shadow Brook,399,,Male,Ripe,1
4/7/2009,Hayden Creek,400,624,Male,Ripe,1
4/12/2009,Leatherstocking Creek,400,,Male,Ripe,1
4/17/2009,Cripple Creek,400,,Male,Ripe,1
4/17/2009,Shadow Brook,400,,Male,Ripe,1
4/20/2009,Shadow Brook,400,,Male,Ripe,1
4/20/2017,Cripple Creek,400,,Male,Ripe,1
4/17/2009,Cripple Creek,401,,Male,Ripe,1
4/17/2013,Shadow Brook,401,,Male,Ripe,1
4/18/2013,Shadow Brook,401,,Male,Ripe,1
4/5/2009,Shadow Brook,402,,Male,Ripe,1
4/18/2009,Shadow Brook,402,,Male,Ripe,1
4/13/2017,Hayden Creek,402,,Male,Ripe,1
4/5/2009,Hayden Creek,403,,Male,Ripe,1
4/16/2009,Shadow Brook,403,,Male,Ripe ,1
4/18/2009,Shadow Brook,403,,Male,Ripe,1
4/12/2009,Shadow Brook,405,,Male,Ripe,1
4/16/2013,Hayden Creek,405,,Male,Ripe,1
4/18/2019,Shadow Brook,405,,Male,Ripe,1
4/9/2009,Hayden Creek,406,567,Male,Ripe,1
4/12/2009,Shadow Brook,406,,Male,Ripe,1
4/17/2009,Cripple Creek,406,,Male,Ripe,1
4/17/2013,Hayden Creek,406,,Male,Ripe,1
4/17/2013,Shadow Brook,406,,Male,Ripe,1
4/12/2017,Hayden Creek,406,,Male,Ripe,1
4/16/2009,Cripple Creek,407,,Male,Ripe,1
4/16/2009,Shadow Brook,407,,Male,Ripe,1
4/15/2013,Hayden Creek,407,,Male,Ripe,1
4/15/2013,Hayden Creek,407,,Male,Ripe,1
4/15/2013,Shadow Brook,407,,Male,Ripe,1
4/18/2013,Shadow Brook,407,,Male,Ripe,1
4/10/2017,Hayden Creek,408,,Male,Ripe,1
4/11/2017,Shadow Brook,408,,Male,Ripe,1
4/12/2017,Hayden Creek,408,,Male,Ripe,1
4/18/2013,Shadow Brook,409,,Male,Ripe,1
4/12/2009,Shadow Brook,410,,Male,Ripe,1
4/17/2013,Shadow Brook,410,,Male,Ripe,1
4/13/2017,Hayden Creek,410,,Male,Ripe,1
4/12/2009,Hayden Creek,411,,Male,Ripe,1
4/15/2013,Shadow Brook,411,,Male,Ripe,1
4/17/2013,Hayden Creek,411,,Male,Ripe,1
4/17/2013,Shadow Brook,411,,Male,Ripe,1
4/10/2017,Hayden Creek,411,,Male,Ripe,1
4/12/2017,Hayden Creek,411,,Male,Ripe,1
4/7/2009,Hayden Creek,412,737,Male,Ripe,1
4/7/2009,Shadow Brook,412,652,Male,Ripe,1
4/12/2009,Hayden Creek,413,,Male,Ripe,1
4/16/2009,Cripple Creek,413,,Male,Ripe,1
4/18/2009,Shadow Brook,413,,Male,Ripe,1
4/15/2013,Shadow Brook,413,,Male,Ripe,1
4/18/2013,Shadow Brook,413,,Male,Ripe,1
4/14/2017,Cripple Creek,413,,Male,Ripe,1
4/14/2017,Shadow Brook,413,,Male,Ripe,1
4/12/2009,Shadow Brook,414,,Male,Ripe,1
4/16/2013,Hayden Creek,414,,Female,Spent,1
4/17/2013,Shadow Brook,414,,Male,Ripe,1
4/17/2017,Shadow Brook,414,,Male,Ripe,1
4/18/2009,Shadow Brook,415,,Male,Ripe,1
4/16/2013,Hayden Creek,415,,Male,Ripe,1
4/17/2013,Shadow Brook,415,,Male,Ripe,1
4/18/2013,Shadow Brook,415,,Male,Ripe,1
4/21/2013,Shadow Brook,415,,Male,Ripe,1
4/5/2009,Shadow Brook,416,,Male,Ripe,1
4/16/2013,Shadow Brook,416,,Male,Ripe,1
4/17/2013,Hayden Creek,416,,Male,Ripe,1
4/17/2017,Cripple Creek,416,,Male,Ripe,1
4/7/2009,Hayden Creek,417,680,Male,Ripe,1
4/10/2009,Hayden Creek,417,,Male,Ripe,1
4/16/2013,Hayden Creek,417,,Male,Ripe,1
4/17/2013,Shadow Brook,417,,Male,Spent,1
4/10/2017,Shadow Brook,417,,Male,Ripe,1
4/13/2017,Hayden Creek,417,,Male,Ripe,1
4/7/2009,Hayden Creek,418,737,Male,Ripe,1
4/17/2009,Shadow Brook,418,,Male,Ripe,1
4/16/2013,Hayden Creek,418,,Male,Ripe,1
4/18/2009,Shadow Brook,419,,Male,Ripe,1
4/17/2009,Cripple Creek,420,,Male,Ripe,1
4/15/2013,Hayden Creek,420,,Male,Ripe,1
4/18/2013,Shadow Brook,420,,Male,Ripe,1
4/18/2013,Shadow Brook,420,,Male,Ripe,1
4/26/2018,Shadow Brook,420,1292,Male,Ripe,1
4/16/2013,Shadow Brook,421,,Male,Ripe,1
4/21/2013,Shadow Brook,421,,Male,Ripe,1
4/18/2009,Leatherstocking Creek,422,,Male,Ripe,1
4/17/2013,Shadow Brook,422,,Male,Ripe,1
4/17/2013,Shadow Brook,422,,Male,Ripe,1
4/17/2013,Shadow Brook,422,,Male,Ripe,1
4/12/2017,Hayden Creek,422,,Male,Ripe,1
4/13/2017,Hayden Creek,422,,Male,Ripe,1
4/14/2009,Hayden Creek,423,,Male,Ripe,1
4/18/2017,Shadow Brook,423,,Male,Ripe,1
4/18/2009,Shadow Brook,424,,Male,Spent,1
4/15/2013,Shadow Brook,424,,Male,Ripe,1
4/18/2013,Shadow Brook,424,,Male,Ripe,1
4/13/2017,Hayden Creek,424,,Male,Ripe,1
4/10/2009,Hayden Creek,425,,Male,Ripe,1
4/10/2009,Hayden Creek,425,,Male,Ripe,1
4/17/2013,Shadow Brook,425,,Male,Ripe,1
4/15/2013,Shadow Brook,426,,Male,Ripe,1
4/16/2013,Shadow Brook,426,,Male,Ripe,1
4/18/2013,Shadow Brook,426,,Male,Ripe,1
4/21/2013,Shadow Brook,426,,Male,Ripe,1
4/12/2017,Hayden Creek,426,,Male,Ripe,1
4/14/2009,Hayden Creek,427,,Male,Ripe,1
4/15/2013,Shadow Brook,427,,Male,Ripe,1
4/13/2017,Cripple Creek,427,,Male,Ripe,1
4/7/2009,Shadow Brook,428,822,Male,Ripe,1
4/18/2013,Shadow Brook,428,,Male,Ripe,1
4/18/2013,Shadow Brook,428,,Male,Ripe,1
4/18/2013,Shadow Brook,428,,Male,Ripe,1
4/10/2017,Hayden Creek,428,,Male,Ripe,1
4/10/2017,Shadow Brook,428,,Male,Ripe,1
4/17/2017,Cripple Creek,428,,Male,Ripe,1
4/16/2009,Cripple Creek,429,,Male,Ripe,1
4/16/2009,Cripple Creek,429,,Male,Ripe,1
4/18/2009,Shadow Brook,429,,Male,Ripe,1
4/15/2013,Shadow Brook,429,,Male,Ripe,1
4/18/2013,Shadow Brook,429,,Male,Ripe,1
4/10/2017,Shadow Brook,429,,Male,Ripe,1
4/12/2017,Hayden Creek,429,,Male,Ripe,1
4/5/2009,Shadow Brook,430,,Male,Ripe,1
4/7/2009,Hayden Creek,430,850,Male,Ripe,1
4/18/2013,Shadow Brook,430,,Male,Ripe,1
4/12/2017,Shadow Brook,430,,Male,Ripe,1
4/12/2009,Hayden Creek,431,,Male,Hard,1
4/18/2013,Shadow Brook,431,,Male,Ripe,1
4/18/2013,Shadow Brook,431,,Male,Ripe,1
4/21/2013,Shadow Brook,431,,Male,Ripe,1
4/11/2017,Shadow Brook,431,,Male,Ripe,1
4/12/2017,Hayden Creek,431,,Male,Ripe,1
4/14/2017,Hayden Creek,431,,Male,Ripe,1
4/10/2009,Hayden Creek,432,,Male,Ripe,1
4/16/2009,Cripple Creek,432,,Male,Spent,1
4/17/2009,Shadow Brook,432,,Male,Ripe,1
4/15/2013,Shadow Brook,432,,Male,Ripe,1
4/16/2013,Hayden Creek,432,,Male,Ripe,1
4/18/2013,Shadow Brook,432,,Male,Ripe,1
4/12/2017,Hayden Creek,432,,Male,Ripe,1
4/18/2018,Shadow Brook,432,,Male,Ripe,1
4/16/2013,Hayden Creek,433,,Male,Ripe,1
4/18/2013,Shadow Brook,433,,Male,Ripe,1
4/10/2017,Hayden Creek,433,,Male,Ripe,1
4/23/2018,Shadow Brook,433,706,Male,Ripe,1
4/12/2009,Shadow Brook,434,,Male,Ripe,1
4/16/2013,Shadow Brook,434,,Male,Ripe,1
4/16/2013,Shadow Brook,434,,Male,Ripe,1
4/17/2013,Hayden Creek,434,,Male,Ripe,1
4/17/2013,Shadow Brook,434,,Male,Ripe,1
4/18/2013,Shadow Brook,434,,Male,Ripe,1
4/18/2013,Shadow Brook,434,,Male,Ripe,1
4/18/2013,Shadow Brook,434,,Male,Ripe,1
4/18/2013,Shadow Brook,434,,Male,Ripe,1
4/15/2013,Shadow Brook,435,,Male,Ripe,1
4/17/2013,Hayden Creek,435,,Male,Ripe,1
4/18/2013,Shadow Brook,435,,Male,Ripe,1
4/10/2017,Shadow Brook,435,,Male,Ripe,1
4/5/2009,Hayden Creek,436,,Female,Ripe,1
4/17/2013,Hayden Creek,436,,Male,Ripe,1
4/18/2013,Shadow Brook,436,,Male,Ripe,1
4/17/2017,Shadow Brook,436,,Male,Ripe,1
4/24/2018,Shadow Brook,436,731,Male,Ripe,1
4/17/2019,Shadow Brook,436,,Male,Ripe,1
4/7/2009,Hayden Creek,437,765,Male,Ripe,1
4/18/2013,Shadow Brook,437,,Male,Ripe,1
4/18/2013,Shadow Brook,437,,Male,Hard,1
4/13/2017,Cripple Creek,437,,Male,Ripe,1
4/5/2009,Hayden Creek,438,,Male,Ripe ,1
4/17/2013,Shadow Brook,438,,Male,Ripe,1
4/10/2017,Shadow Brook,438,,Male,Ripe,1
4/13/2017,Cripple Creek,438,,Female,Hard,1
4/7/2009,Hayden Creek,439,1049,Male,Ripe,1
4/16/2009,Hayden Creek,439,,Male,Ripe,1
4/15/2013,Hayden Creek,439,,Male,Ripe,1
4/16/2013,Hayden Creek,439,,Male,Ripe,1
4/18/2013,Shadow Brook,439,,Male,Ripe,1
4/21/2013,Shadow Brook,439,,Male,Ripe,1
4/13/2019,Shadow Brook,439,,Male,Ripe,1
4/12/2009,Shadow Brook,440,,Male,Ripe,1
4/14/2009,Hayden Creek,440,,Male,Ripe,1
4/22/2013,Shadow Brook,440,,Male,Ripe,1
4/16/2013,Hayden Creek,441,,Male,Ripe,1
4/17/2013,Shadow Brook,441,,Male,Ripe,1
4/18/2013,Shadow Brook,441,,Male,Ripe,1
4/12/2017,Shadow Brook,441,,Male,Ripe,1
4/18/2009,Shadow Brook,442,,Male,Ripe,1
4/15/2013,Shadow Brook,442,,Male,Hard,1
4/15/2013,Shadow Brook,442,,Male,Hard,1
4/17/2013,Shadow Brook,442,,Male,Ripe,1
4/18/2013,Shadow Brook,442,,Male,Ripe,1
4/13/2017,Cripple Creek,442,,Male,Ripe,1
4/24/2018,Shadow Brook,442,1012,Male,Ripe,1
4/13/2019,Shadow Brook,442,,Male,Ripe,1
4/16/2009,Cripple Creek,443,,Male,Ripe,1
4/15/2013,Shadow Brook,443,,Male,Ripe,1
4/16/2013,Hayden Creek,443,,Male,Ripe,1
4/17/2013,Shadow Brook,443,,Male,Ripe,1
4/13/2017,Cripple Creek,443,,Male,Ripe,1
4/7/2009,Hayden Creek,444,964,Male,Ripe,1
4/15/2013,Shadow Brook,444,,Male,Ripe,1
4/17/2013,Shadow Brook,444,,Male,Ripe,1
4/18/2013,Shadow Brook,444,,Male,Ripe,1
4/18/2013,Shadow Brook,444,,Male,Ripe,1
4/10/2017,Hayden Creek,444,,Male,Ripe,1
4/10/2017,Shadow Brook,444,,Male,Ripe,1
4/14/2017,Shadow Brook,444,,Male,Ripe,1
4/20/2017,Shadow Brook,444,,Female,Ripe,1
4/15/2013,Shadow Brook,445,,Male,Ripe,1
4/15/2013,Shadow Brook,445,,Male,Ripe,1
4/17/2013,Shadow Brook,445,,Female,Spent,1
4/18/2013,Shadow Brook,445,,Male,Ripe,1
4/18/2013,Shadow Brook,445,,Male,Ripe,1
4/23/2018,Hayden Creek,445,,Male,Ripe,1
4/16/2013,Hayden Creek,446,,Male,Ripe,1
4/16/2013,Hayden Creek,446,,Male,Ripe,1
4/18/2013,Shadow Brook,446,,Female,Ripe,1
4/10/2017,Shadow Brook,446,,Male,Ripe,1
4/10/2017,Shadow Brook,446,,Male,Ripe,1
4/12/2009,Shadow Brook,447,,Male,Hard,1
4/12/2009,Shadow Brook,447,,Female,Ripe,1
4/17/2009,Cripple Creek,447,,Male,Ripe,1
4/17/2009,Shadow Brook,447,,Male,Ripe,1
4/18/2009,Shadow Brook,447,,Male,Ripe,1
4/18/2009,Shadow Brook,447,,Male,Ripe,1
4/15/2013,Shadow Brook,447,,Male,Ripe,1
4/15/2013,Shadow Brook,447,,Male,Ripe,1
4/17/2013,Shadow Brook,447,,Male,Ripe,1
4/12/2009,Shadow Brook,448,,Female,Hard,1
4/15/2013,Shadow Brook,448,,Male,Ripe,1
4/16/2013,Hayden Creek,448,,Male,Ripe,1
4/18/2013,Shadow Brook,448,,Female,Spent,1
4/10/2017,Shadow Brook,448,,Male,Ripe,1
4/11/2017,Shadow Brook,448,,Male,Ripe,1
4/22/2019,Cripple Creek,448,,Male,Ripe,1
4/9/2009,Hayden Creek,449,992,Male,Ripe,1
4/16/2009,Cripple Creek,449,,Male,Ripe,1
4/16/2009,Cripple Creek,449,,Male,Ripe,1
4/16/2009,Cripple Creek,449,,Male,Ripe,1
4/16/2009,Shadow Brook,449,,Male,Ripe ,1
4/16/2009,Shadow Brook,449,,Male,Ripe,1
4/16/2013,Hayden Creek,449,,Male,Ripe,1
4/17/2013,Hayden Creek,449,,Male,Ripe,1
4/17/2013,Shadow Brook,449,,Male,Ripe,1
4/10/2017,Shadow Brook,449,,Male,Ripe,1
4/10/2017,Shadow Brook,449,,Male,Ripe,1
4/13/2017,Cripple Creek,449,,Male,Ripe,1
4/5/2009,Cripple Creek,450,,Male,Ripe,1
4/7/2009,Hayden Creek,450,,Male,Ripe,1
4/12/2009,Hayden Creek,450,,Male,Ripe,1
4/16/2009,Cripple Creek,450,,Male,Ripe,1
4/17/2009,Cripple Creek,450,,Female,Ripe,1
4/17/2009,Shadow Brook,450,,Male,Ripe,1
4/16/2013,Hayden Creek,450,,Male,Ripe,1
4/17/2013,Shadow Brook,450,,Male,Ripe,1
4/17/2013,Shadow Brook,450,,Male,Ripe,1
4/10/2017,Shadow Brook,450,,Male,Ripe,1
4/12/2017,Shadow Brook,450,,Male,Ripe,1
4/9/2019,Shadow Brook,450,,Male,Ripe,1
4/17/2013,Hayden Creek,451,,Male,Ripe,1
4/18/2013,Shadow Brook,451,,Male,Ripe,1
4/12/2017,Shadow Brook,451,,Male,Ripe,1
4/14/2017,Hayden Creek,451,,Male,Ripe,1
4/10/2018,Shadow Brook,451,,Male,Ripe,1
4/5/2009,Hayden Creek,452,,Male,Ripe ,1
4/12/2009,Hayden Creek,452,,Male,Ripe,1
4/12/2009,Shadow Brook,452,,Male,Ripe,1
4/15/2013,Hayden Creek,452,,Male,Hard,1
4/16/2013,Shadow Brook,452,,Male,Ripe,1
4/17/2013,Shadow Brook,452,,Male,Ripe,1
4/18/2013,Shadow Brook,452,,Male,Ripe,1
4/18/2013,Shadow Brook,452,,Male,Ripe,1
4/18/2013,Shadow Brook,452,,Male,Ripe,1
4/22/2013,Shadow Brook,452,,Male,Ripe,1
4/10/2017,Shadow Brook,452,,Male,Ripe,1
4/13/2017,Hayden Creek,452,,Female,Ripe,1
4/11/2018,Shadow Brook,452,,Male,Ripe,1
4/23/2018,Hayden Creek,452,,Male,Ripe,1
4/5/2009,Hayden Creek,453,,Male,Ripe,1
4/7/2009,Hayden Creek,453,1077,Male,Ripe,1
4/17/2009,Cripple Creek,453,,Male,Ripe,1
4/16/2013,Hayden Creek,453,,Male,Ripe,1
4/12/2017,Hayden Creek,453,,Male,Ripe,1
4/5/2009,Shadow Brook,454,,Male,Ripe,1
4/16/2009,Cripple Creek,454,,Male,Spent,1
4/17/2009,Shadow Brook,454,,Male,Ripe,1
4/17/2009,Shadow Brook,454,,Male,Ripe,1
4/17/2013,Hayden Creek,454,,Male,Ripe,1
4/18/2013,Shadow Brook,454,,Male,Ripe,1
4/18/2013,Shadow Brook,454,,Male,Ripe,1
4/18/2013,Shadow Brook,454,,Male,Ripe,1
4/21/2013,Shadow Brook,454,,Male,Ripe,1
4/10/2017,Shadow Brook,454,,Male,Ripe,1
4/13/2018,Shadow Brook,454,858,Male,Ripe,1
4/17/2019,Cripple Creek,454,,Male,Ripe,1
4/9/2009,Hayden Creek,455,1021,Male,Ripe,1
4/12/2009,Hayden Creek,455,,Female,Ripe,1
4/14/2009,Hayden Creek,455,,Male,Ripe,1
4/17/2009,Shadow Brook,455,,Male,Ripe,1
4/15/2013,Hayden Creek,455,,Male,Ripe,1
4/15/2013,Shadow Brook,455,,Male,Ripe,1
4/16/2013,Hayden Creek,455,,Male,Ripe,1
4/17/2013,Shadow Brook,455,,Male,Ripe,1
4/10/2017,Hayden Creek,455,,Male,Ripe,1
4/12/2017,Shadow Brook,455,,Male,Ripe,1
4/14/2017,Shadow Brook,455,,Male,Ripe,1
4/19/2018,Shadow Brook,455,826,Male,Ripe,1
4/9/2009,Hayden Creek,456,907,Male,Ripe,1
4/14/2009,Hayden Creek,456,,Male,Ripe,1
4/14/2009,Shadow Brook,456,,Female,Ripe,1
4/15/2013,Shadow Brook,456,,Male,Ripe,1
4/16/2013,Shadow Brook,456,,Male,Ripe,1
4/18/2013,Shadow Brook,456,,Male,Ripe,1
4/21/2013,Shadow Brook,456,,Male,Ripe,1
4/10/2017,Shadow Brook,456,,Male,Ripe,1
4/10/2017,Shadow Brook,456,,Male,Ripe,1
4/11/2017,Shadow Brook,456,,Male,Ripe,1
4/14/2017,Hayden Creek,456,,Male,Ripe,1
4/14/2017,Shadow Brook,456,,Male,Ripe,1
4/17/2018,Shadow Brook,456,900,Male,Ripe,1
4/26/2018,Shadow Brook,456,1474,Male,Ripe,1
4/18/2019,Cripple Creek,456,,Male,Ripe,1
4/5/2009,Hayden Creek,457,,Male,Ripe,1
4/7/2009,Hayden Creek,457,879,Male,Ripe,1
4/12/2009,Leatherstocking Creek,457,,Male,Ripe,1
4/15/2013,Hayden Creek,457,,Male,Ripe,1
4/16/2013,Hayden Creek,457,,Male,Ripe,1
4/18/2013,Shadow Brook,457,,Male,Ripe,1
4/10/2017,Shadow Brook,457,,Male,Ripe,1
4/11/2017,Shadow Brook,457,,Male,Ripe,1
4/11/2017,Shadow Brook,457,,Male,Ripe,1
4/13/2017,Cripple Creek,457,,Male,Ripe,1
4/17/2018,Shadow Brook,457,864,Male,Ripe,1
4/5/2009,Hayden Creek,458,,Male,Ripe,1
4/7/2009,Hayden Creek,458,1020,Male,Ripe,1
4/12/2009,Hayden Creek,458,,Male,Ripe,1
4/16/2009,Cripple Creek,458,,Male,Ripe,1
4/16/2009,Cripple Creek,458,,Male,Ripe,1
4/16/2009,Cripple Creek,458,,Male,Ripe,1
4/18/2009,Shadow Brook,458,,Male,Ripe,1
4/16/2013,Hayden Creek,458,,Male,Ripe,1
4/17/2013,Shadow Brook,458,,Male,Ripe,1
4/18/2013,Shadow Brook,458,,Male,Ripe,1
4/21/2013,Shadow Brook,458,,Male,Ripe,1
4/7/2009,Shadow Brook,459,936,Male,Ripe,1
4/9/2009,Hayden Creek,459,936,Male,Ripe,1
4/16/2009,Cripple Creek,459,,Male,Ripe,1
4/17/2009,Cripple Creek,459,,Male,Ripe,1
4/15/2013,Shadow Brook,459,,Male,Ripe,1
4/16/2013,Hayden Creek,459,,Male,Ripe,1
4/18/2013,Shadow Brook,459,,Male,Ripe,1
4/18/2013,Shadow Brook,459,,Male,Ripe,1
4/10/2017,Hayden Creek,459,,Male,Ripe,1
4/12/2017,Shadow Brook,459,,Male,Ripe,1
4/12/2017,Shadow Brook,459,,Male,Ripe,1
4/13/2017,Cripple Creek,459,,Male,Ripe,1
4/12/2009,Hayden Creek,460,,Male,Ripe,1
4/17/2009,Cripple Creek,460,,Male,Ripe,1
4/17/2009,Shadow Brook,460,,Male,Ripe,1
4/17/2013,Shadow Brook,460,,Male,Ripe,1
4/12/2017,Shadow Brook,460,,Male,Ripe,1
4/17/2017,Shadow Brook,460,,unk,unk,1
4/19/2018,Shadow Brook,460,874,Male,Ripe,1
4/23/2018,Hayden Creek,460,,Male,Ripe,1
4/25/2019,Cripple Creek,460,,Male,Ripe,1
4/5/2009,Shadow Brook,461,,Male,Ripe,1
4/10/2009,Hayden Creek,461,,Male,Ripe,1
4/12/2009,Leatherstocking Creek,461,,Male,Ripe,1
4/12/2009,Shadow Brook,461,,Male,Ripe,1
4/17/2009,Cripple Creek,461,,Male,Ripe,1
4/18/2009,Shadow Brook,461,,Male,Ripe,1
4/15/2013,Hayden Creek,461,,Male,Ripe,1
4/15/2013,Shadow Brook,461,,Male,Ripe,1
4/17/2013,Hayden Creek,461,,Male,Ripe,1
4/17/2013,Hayden Creek,461,,Male,Ripe,1
4/17/2013,Hayden Creek,461,,Male,Ripe,1
4/17/2013,Shadow Brook,461,,Male,Ripe,1
4/18/2013,Shadow Brook,461,,Male,Ripe,1
4/18/2013,Shadow Brook,461,,Male,Ripe,1
4/18/2013,Shadow Brook,461,,Male,Ripe,1
4/18/2013,Shadow Brook,461,,Male,Ripe,1
4/21/2013,Shadow Brook,461,,Male,Ripe,1
4/10/2017,Hayden Creek,461,,Male,Ripe,1
4/7/2009,Hayden Creek,462,737,Male,Ripe,1
4/10/2009,Hayden Creek,462,,Male,Ripe,1
4/16/2013,Hayden Creek,462,,Male,Ripe,1
4/17/2013,Hayden Creek,462,,Male,Ripe,1
4/18/2013,Shadow Brook,462,,Male,Ripe,1
4/18/2013,Shadow Brook,462,,Male,Ripe,1
4/12/2017,Hayden Creek,462,,Female,Hard,1
4/13/2017,Cripple Creek,462,,Male,Ripe,1
4/23/2018,Shadow Brook,462,803,Male,Ripe,1
4/17/2019,Cripple Creek,462,,Male,Ripe,1
4/16/2009,Cripple Creek,463,,Male,Ripe,1
4/16/2009,Cripple Creek,463,,Male,Spent,1
4/16/2013,Hayden Creek,463,,Male,Ripe,1
4/10/2017,Shadow Brook,463,,Male,Ripe,1
4/10/2017,Shadow Brook,463,,Male,Ripe,1
4/10/2017,Shadow Brook,463,,Male,Ripe,1
4/12/2017,Hayden Creek,463,,Male,Ripe,1
4/17/2017,Shadow Brook,463,,Male,Ripe,1
4/16/2009,Cripple Creek,464,,Male,Ripe,1
4/17/2009,Cripple Creek,464,,Male,Ripe,1
4/16/2013,Hayden Creek,464,,Male,Ripe,1
4/16/2013,Shadow Brook,464,,Female,Spent,1
4/16/2013,Shadow Brook,464,,Male,Ripe,1
4/18/2013,Shadow Brook,464,,Male,Ripe,1
4/22/2013,Shadow Brook,464,,Male,Ripe,1
4/22/2013,Shadow Brook,464,,Male,Ripe,1
4/10/2017,Shadow Brook,464,,Male,Ripe,1
4/10/2017,Shadow Brook,464,,Male,Ripe,1
4/5/2009,Hayden Creek,465,,Male,Ripe,1
4/12/2009,Shadow Brook,465,,Male,Ripe,1
4/20/2009,Shadow Brook,465,,Male,Ripe,1
4/17/2013,Hayden Creek,465,,Male,Ripe,1
4/18/2013,Shadow Brook,465,,Male,Ripe,1
4/10/2017,Shadow Brook,465,,Male,Ripe,1
4/12/2017,Hayden Creek,465,,Male,Ripe,1
4/19/2018,Shadow Brook,465,1042,Male,Ripe,1
4/5/2009,Shadow Brook,466,,Female,Hard,1
4/7/2009,Hayden Creek,466,1077,Male,Ripe,1
4/10/2009,Hayden Creek,466,,Male,Ripe,1
4/18/2009,Shadow Brook,466,,Male,Ripe,1
4/18/2013,Shadow Brook,466,,Male,Ripe,1
4/10/2017,Shadow Brook,466,,Male,Ripe,1
4/10/2017,Shadow Brook,466,,Male,Ripe,1
4/10/2017,Shadow Brook,466,,Male,Ripe,1
4/11/2017,Shadow Brook,466,,Male,Ripe,1
4/12/2017,Hayden Creek,466,,Male,Ripe,1
4/19/2018,Shadow Brook,466,988,Male,Ripe,1
4/17/2009,Shadow Brook,467,,Male,Ripe,1
4/17/2009,Shadow Brook,467,,Male,Ripe,1
4/17/2009,Shadow Brook,467,,Male,Ripe,1
4/16/2013,Hayden Creek,467,,Male,Ripe,1
4/18/2013,Shadow Brook,467,,Male,Ripe,1
4/18/2013,Shadow Brook,467,,Male,Ripe,1
4/18/2013,Shadow Brook,467,,Male,Ripe,1
4/21/2013,Shadow Brook,467,,Male,Ripe,1
4/12/2017,Hayden Creek,467,,Male,Ripe,1
4/12/2017,Shadow Brook,467,,Male,Ripe,1
4/19/2018,Shadow Brook,467,916,Male,Ripe,1
4/16/2019,Shadow Brook,467,,Male,Ripe,1
4/16/2019,Shadow Brook,467,,Male,Ripe,1
4/5/2009,Hayden Creek,468,,Male,Ripe,1
4/7/2009,Hayden Creek,468,1105,Male,Ripe,1
4/17/2009,Cripple Creek,468,,Male,Ripe,1
4/15/2013,Hayden Creek,468,,Male,Ripe,1
4/17/2013,Hayden Creek,468,,Male,Ripe,1
4/17/2013,Hayden Creek,468,,Male,Ripe,1
4/17/2013,Shadow Brook,468,,Male,Ripe,1
4/18/2013,Shadow Brook,468,,Male,Ripe,1
4/21/2013,Shadow Brook,468,,Male,Ripe,1
4/22/2013,Shadow Brook,468,,Male,Ripe,1
4/10/2017,Shadow Brook,468,,Male,Ripe,1
4/10/2017,Shadow Brook,468,,Male,Ripe,1
4/13/2017,Cripple Creek,468,,Male,Ripe,1
4/13/2017,Hayden Creek,468,,Male,Ripe,1
4/12/2018,Shadow Brook,468,,Male,Ripe,1
4/18/2018,Shadow Brook,468,,Male,Ripe,1
4/24/2018,Shadow Brook,468,929,Male,Ripe,1
4/5/2009,Hayden Creek,469,,Male,Ripe,1
4/14/2009,Hayden Creek,469,,Male,Ripe,1
4/16/2009,Cripple Creek,469,,Male,Ripe,1
4/15/2013,Shadow Brook,469,,Male,Ripe,1
4/15/2013,Shadow Brook,469,,Male,Ripe,1
4/16/2013,Shadow Brook,469,,Male,Ripe,1
4/18/2013,Shadow Brook,469,,Male,Ripe,1
4/18/2013,Shadow Brook,469,,Male,Ripe,1
4/10/2017,Shadow Brook,469,,Male,Ripe,1
4/10/2017,Shadow Brook,469,,Male,Ripe,1
4/12/2017,Hayden Creek,469,,Male,Ripe,1
4/12/2017,Shadow Brook,469,,Male,Ripe,1
4/12/2018,Shadow Brook,469,,Male,Ripe,1
4/19/2018,Shadow Brook,469,886,Male,Ripe,1
4/18/2019,Shadow Brook,469,,Male,Ripe,1
4/16/2009,Shadow Brook,470,,Female,Hard,1
4/17/2009,Shadow Brook,470,,Male,Ripe,1
4/17/2009,Shadow Brook,470,,Male,Ripe,1
4/18/2009,Shadow Brook,470,,Male,Ripe,1
4/15/2013,Shadow Brook,470,,Male,Ripe,1
4/11/2017,Shadow Brook,470,,Male,Ripe,1
4/11/2017,Shadow Brook,470,,Male,Ripe,1
4/23/2018,Hayden Creek,470,,Male,Ripe,1
4/12/2009,Leatherstocking Creek,471,,Male,Ripe,1
4/17/2009,Shadow Brook,471,,Male,Ripe,1
4/17/2013,Shadow Brook,471,,Male,Ripe,1
4/17/2013,Shadow Brook,471,,Male,Ripe,1
4/18/2013,Shadow Brook,471,,Male,Ripe,1
4/10/2017,Shadow Brook,471,,Male,Ripe,1
4/12/2017,Hayden Creek,471,,Male,Ripe,1
4/12/2017,Hayden Creek,471,,Male,Ripe,1
4/12/2017,Hayden Creek,471,,Male,Ripe,1
4/12/2017,Shadow Brook,471,,Male,Ripe,1
4/14/2017,Shadow Brook,471,,Male,Ripe,1
4/14/2017,Shadow Brook,471,,Male,Ripe,1
4/10/2018,Shadow Brook,471,,Male,Ripe,1
4/23/2018,Hayden Creek,471,,Male,Ripe,1
4/17/2019,Shadow Brook,471,,Male,Ripe,1
4/17/2009,Cripple Creek,472,,Male,Ripe,1
4/15/2013,Shadow Brook,472,,Male,Ripe,1
4/16/2013,Shadow Brook,472,,Male,Ripe,1
4/17/2013,Hayden Creek,472,,Male,Ripe,1
4/17/2013,Hayden Creek,472,,Male,Ripe,1
4/17/2013,Shadow Brook,472,,Male,Ripe,1
4/18/2013,Shadow Brook,472,,Male,Ripe,1
4/22/2013,Shadow Brook,472,,Male,Ripe,1
4/22/2013,Shadow Brook,472,,Male,Ripe,1
4/10/2017,Shadow Brook,472,,Female,Ripe,1
4/12/2017,Shadow Brook,472,,Male,Ripe,1
4/18/2018,Shadow Brook,472,,Male,Ripe,1
4/19/2018,Shadow Brook,472,916,Male,Ripe,1
4/26/2018,Shadow Brook,472,899,Male,Ripe,1
4/5/2009,Shadow Brook,473,,Male,Ripe,1
4/7/2009,Hayden Creek,473,1134,Male,Ripe,1
4/7/2009,Hayden Creek,473,2239,Female,Hard,1
4/7/2009,Hayden Creek,473,1134,Male,Ripe,1
4/9/2009,Hayden Creek,473,1219,Male,Ripe,1
4/9/2009,Hayden Creek,473,1106,Male,Ripe,1
4/12/2009,Hayden Creek,473,,Female,Ripe,1
4/16/2009,Cripple Creek,473,,Male,Ripe,1
4/17/2009,Cripple Creek,473,,Male,Ripe,1
4/16/2013,Hayden Creek,473,,Male,Ripe,1
4/16/2013,Hayden Creek,473,,Male,Ripe,1
4/16/2013,Hayden Creek,473,,Male,Ripe,1
4/10/2017,Shadow Brook,473,,Male,Ripe,1
4/11/2017,Shadow Brook,473,,Male,Ripe,1
4/14/2017,Cripple Creek,473,,Male,Ripe,1
4/14/2017,Shadow Brook,473,,Male,Ripe,1
4/14/2017,Shadow Brook,473,,Male,Ripe,1
4/10/2018,Shadow Brook,473,,Male,Ripe,1
4/5/2009,Cripple Creek,474,,Female,Hard,1
4/12/2009,Hayden Creek,474,,Male,Ripe,1
4/12/2009,Hayden Creek,474,,Male,Ripe,1
4/17/2009,Shadow Brook,474,,Male,Ripe,1
4/15/2013,Shadow Brook,474,,Female,Hard,1
4/16/2013,Hayden Creek,474,,Male,Ripe,1
4/17/2013,Hayden Creek,474,,Male,Ripe,1
4/17/2013,Hayden Creek,474,,Male,Ripe,1
4/17/2013,Shadow Brook,474,,Female,Ripe,1
4/18/2013,Shadow Brook,474,,Male,Ripe,1
4/10/2017,Shadow Brook,474,,Male,Ripe,1
4/10/2017,Shadow Brook,474,,Male,Ripe,1
4/12/2017,Hayden Creek,474,,Male,Ripe,1
4/12/2017,Hayden Creek,474,,Male,Ripe,1
4/13/2017,Cripple Creek,474,,Male,Ripe,1
4/14/2017,Cripple Creek,474,,Male,Ripe,1
4/19/2018,Shadow Brook,474,1012,Male,Ripe,1
4/11/2019,Shadow Brook,474,,Male,Ripe,1
4/8/2019,Shadow Brook,474,,Male,Ripe,1
4/14/2009,Hayden Creek,475,,Female,Ripe,1
4/17/2013,Hayden Creek,475,,Male,Ripe,1
4/21/2013,Shadow Brook,475,,Male,Ripe,1
4/21/2013,Shadow Brook,475,,Male,Ripe,1
4/10/2017,Shadow Brook,475,,Male,Ripe,1
4/14/2017,Cripple Creek,475,,Male,Ripe,1
4/14/2017,Shadow Brook,475,,Male,Ripe,1
4/12/2009,Leatherstocking Creek,476,,Male,Ripe,1
4/12/2009,Shadow Brook,476,,Female,Ripe,1
4/16/2009,Shadow Brook,476,1191,Male,Ripe ,1
4/17/2009,Cripple Creek,476,,Male,Ripe,1
4/15/2013,Hayden Creek,476,,Male,Ripe,1
4/15/2013,Shadow Brook,476,,Male,Ripe,1
4/16/2013,Hayden Creek,476,,Male,Ripe,1
4/16/2013,Hayden Creek,476,,Male,Ripe,1
4/16/2013,Shadow Brook,476,,Male,Ripe,1
4/17/2013,Hayden Creek,476,,Male,Ripe,1
4/18/2013,Shadow Brook,476,,Male,Ripe,1
4/18/2013,Shadow Brook,476,,Male,Ripe,1
4/21/2013,Shadow Brook,476,,Male,Ripe,1
4/10/2017,Shadow Brook,476,,Male,Ripe,1
4/10/2017,Shadow Brook,476,,Male,Ripe,1
4/11/2017,Shadow Brook,476,,Male,Ripe,1
4/12/2017,Hayden Creek,476,,Male,Ripe,1
4/12/2017,Shadow Brook,476,,Male,Ripe,1
4/14/2017,Cripple Creek,476,,Male,Ripe,1
4/14/2017,Cripple Creek,476,,Male,Ripe,1
4/13/2019,Hayden Creek,476,,Male,Ripe,1
4/9/2009,Hayden Creek,477,1134,Male,Spent,1
4/9/2009,Hayden Creek,477,1077,Male,Ripe,1
4/16/2009,Cripple Creek,477,,Male,Ripe,1
4/15/2013,Hayden Creek,477,,Male,Ripe,1
4/15/2013,Shadow Brook,477,,Male,Ripe,1
4/15/2013,Shadow Brook,477,,Male,Ripe,1
4/18/2013,Shadow Brook,477,,Male,Ripe,1
4/10/2017,Hayden Creek,477,,Male,Ripe,1
4/10/2017,Hayden Creek,477,,Male,Ripe,1
4/8/2019,Shadow Brook,477,,Male,Ripe,1
4/9/2019,Shadow Brook,477,,Male,Ripe,1
4/16/2009,Cripple Creek,478,,Male,Ripe,1
4/17/2009,Shadow Brook,478,,Male,Ripe,1
4/17/2013,Hayden Creek,478,,Male,Ripe,1
4/10/2017,Shadow Brook,478,,Male,Ripe,1
4/10/2017,Shadow Brook,478,,Male,Ripe,1
4/11/2017,Shadow Brook,478,,Male,Ripe,1
4/12/2017,Hayden Creek,478,,Male,Ripe,1
4/13/2017,Hayden Creek,478,,Female,Ripe,1
4/12/2018,Shadow Brook,478,,Male,Ripe,1
4/13/2018,Shadow Brook,478,1028,Male,Ripe,1
4/10/2019,Shadow Brook,478,,Male,Ripe,1
4/11/2019,Shadow Brook,478,,Male,Ripe,1
4/8/2019,Shadow Brook,478,,Male,Ripe,1
4/9/2019,Shadow Brook,478,,Male,Ripe,1
4/17/2019,Shadow Brook,478,,Male,Ripe,1
4/5/2009,Shadow Brook,479,,Female,Hard,1
4/9/2009,Hayden Creek,479,1134,Male,Spent,1
4/16/2009,Shadow Brook,479,,Male,Ripe ,1
4/17/2009,Cripple Creek,479,,Male,Ripe,1
4/15/2013,Shadow Brook,479,,Male,Ripe,1
4/16/2013,Shadow Brook,479,,Male,Ripe,1
4/18/2013,Shadow Brook,479,,Male,Ripe,1
4/21/2013,Shadow Brook,479,,Male,Ripe,1
4/21/2013,Shadow Brook,479,,Male,Ripe,1
4/21/2013,Shadow Brook,479,,Male,Ripe,1
4/10/2017,Hayden Creek,479,,Male,Ripe,1
4/10/2017,Shadow Brook,479,,Female,Ripe,1
4/10/2017,Shadow Brook,479,,Male,Ripe,1
4/10/2017,Shadow Brook,479,,Male,Ripe,1
4/12/2017,Hayden Creek,479,,Male,Ripe,1
4/13/2017,Cripple Creek,479,,Male,Ripe,1
4/17/2017,Cripple Creek,479,,Male,Ripe,1
4/11/2018,Shadow Brook,479,,Male,Ripe,1
4/16/2019,Shadow Brook,479,,Male,Ripe,1
4/18/2019,Shadow Brook,479,,Male,Ripe,1
4/5/2009,Hayden Creek,480,,Male,Hard,1
4/7/2009,Hayden Creek,480,1077,Male,Ripe,1
4/9/2009,Cripple Creek,480,1021,Male,Ripe,1
4/15/2013,Hayden Creek,480,,Male,Ripe,1
4/15/2013,Shadow Brook,480,,Male,Ripe,1
4/16/2013,Shadow Brook,480,,Male,Ripe,1
4/17/2013,Hayden Creek,480,,Male,Ripe,1
4/18/2013,Shadow Brook,480,,Male,Ripe,1
4/14/2017,Shadow Brook,480,,Male,Ripe,1
4/19/2018,Shadow Brook,480,968,Male,Ripe,1
4/16/2009,Cripple Creek,481,,Male,Ripe,1
4/17/2009,Cripple Creek,481,,Female,Ripe,1
4/18/2009,Shadow Brook,481,,Male,Ripe,1
4/17/2013,Shadow Brook,481,,Female,Ripe,1
4/17/2013,Shadow Brook,481,,Male,Ripe,1
4/18/2013,Shadow Brook,481,,Male,Ripe,1
4/18/2013,Shadow Brook,481,,Male,Ripe,1
4/10/2017,Shadow Brook,481,,Male,Ripe,1
4/10/2017,Shadow Brook,481,,Male,Ripe,1
4/12/2017,Hayden Creek,481,,Male,Ripe,1
4/12/2017,Hayden Creek,481,,Female,Ripe,1
4/14/2017,Shadow Brook,481,,Male,Ripe,1
4/14/2017,Shadow Brook,481,,Male,Ripe,1
4/17/2017,Cripple Creek,481,,Male,Ripe,1
4/10/2018,Shadow Brook,481,,Male,Ripe,1
4/15/2018,Shadow Brook,481,1014,Male,Ripe,1
4/19/2018,Shadow Brook,481,1056,Male,Ripe,1
4/24/2018,Shadow Brook,481,1100,Male,Ripe,1
4/16/2019,Cripple Creek,481,,Male,Ripe,1
4/12/2009,Shadow Brook,482,,Male,Hard,1
4/12/2009,Shadow Brook,482,,Male,Hard,1
4/18/2009,Shadow Brook,482,,Male,Ripe,1
4/18/2009,Shadow Brook,482,,Male,Ripe,1
4/15/2013,Shadow Brook,482,,Male,Ripe,1
4/17/2013,Shadow Brook,482,,Male,Ripe,1
4/11/2017,Shadow Brook,482,,Male,Ripe,1
4/13/2017,Cripple Creek,482,,Male,Ripe,1
4/14/2017,Shadow Brook,482,,Male,Ripe,1
4/18/2018,Hayden Creek,482,,Male,Ripe,1
4/26/2018,Shadow Brook,482,1067,Male,Ripe,1
4/17/2019,Cripple Creek,482,,Male,Ripe,1
4/13/2019,Shadow Brook,482,,Male,Ripe,1
4/13/2019,Shadow Brook,482,,Male,Ripe,1
4/17/2019,Shadow Brook,482,,Male,Ripe,1
4/5/2009,Hayden Creek,483,,Male ,Ripe,1
4/5/2009,Hayden Creek,483,,Male,Ripe,1
4/12/2009,Leatherstocking Creek,483,,Male,Ripe,1
4/12/2009,Shadow Brook,483,,Male,Ripe,1
4/17/2009,Cripple Creek,483,,Male,Ripe,1
4/18/2009,Shadow Brook,483,,Male,Spent,1
4/15/2013,Shadow Brook,483,,Male,Ripe,1
4/15/2013,Shadow Brook,483,,Male,Ripe,1
4/17/2013,Hayden Creek,483,,Male,Ripe,1
4/18/2013,Shadow Brook,483,,Female,Ripe,1
4/18/2013,Shadow Brook,483,,Male,Ripe,1
4/10/2017,Hayden Creek,483,,Male,Ripe,1
4/11/2017,Shadow Brook,483,,Male,Ripe,1
4/17/2017,Cripple Creek,483,,unk,unk,1
4/17/2017,Cripple Creek,483,,Male,Ripe,1
4/17/2017,Shadow Brook,483,,Male,Hard,1
4/20/2017,Shadow Brook,483,,Male,Ripe,1
4/12/2018,Shadow Brook,483,,Male,Ripe,1
4/13/2018,Shadow Brook,483,998,Male,Ripe,1
4/17/2018,Hayden Creek,483,978,Male,Ripe,1
4/19/2018,Shadow Brook,483,1076,Male,Ripe,1
4/23/2018,Shadow Brook,483,1045,Male,Ripe,1
4/23/2018,Shadow Brook,483,1174,Male,Ripe,1
4/13/2019,Shadow Brook,483,,Male,Ripe,1
4/17/2019,Shadow Brook,483,,Male,Ripe,1
4/17/2019,Shadow Brook,483,,Male,Ripe,1
4/17/2009,Shadow Brook,484,,Male,Ripe,1
4/15/2013,Shadow Brook,484,,Male,Ripe,1
4/16/2013,Hayden Creek,484,,Male,Ripe,1
4/16/2013,Hayden Creek,484,,Female,Ripe,1
4/12/2017,Hayden Creek,484,,Male,Ripe,1
4/12/2017,Shadow Brook,484,,Male,Ripe,1
4/13/2017,Cripple Creek,484,,Female,Ripe,1
4/17/2017,Cripple Creek,484,,Male,Ripe,1
4/18/2017,Shadow Brook,484,,Male,Ripe,1
4/10/2018,Shadow Brook,484,,Male,Ripe,1
4/23/2018,Hayden Creek,484,,Male,Ripe,1
4/23/2018,Shadow Brook,484,1108,Male,Ripe,1
4/24/2018,Shadow Brook,484,1435,Male,Ripe,1
4/11/2019,Shadow Brook,484,,Male,Ripe,1
4/17/2019,Shadow Brook,484,,Male,Ripe,1
4/7/2009,Hayden Creek,485,,Male,Ripe,1
4/12/2009,Shadow Brook,485,,Male,Hard,1
4/16/2009,Cripple Creek,485,,Male,Ripe,1
4/17/2009,Cripple Creek,485,,Female,Ripe,1
4/17/2009,Shadow Brook,485,,Male,Ripe,1
4/18/2009,Shadow Brook,485,,Female,Ripe,1
4/18/2009,Shadow Brook,485,,Male,Ripe,1
4/15/2013,Hayden Creek,485,,Male,Ripe,1
4/16/2013,Hayden Creek,485,,Male,Ripe,1
4/16/2013,Shadow Brook,485,,Male,Ripe,1
4/17/2013,Hayden Creek,485,,Female,Ripe,1
4/17/2013,Hayden Creek,485,,Male,Ripe,1
4/17/2013,Hayden Creek,485,,Male,Ripe,1
4/17/2013,Shadow Brook,485,,Male,Ripe,1
4/18/2013,Shadow Brook,485,,Male,Ripe,1
4/12/2017,Shadow Brook,485,,Male,Ripe,1
4/14/2017,Shadow Brook,485,,Female,Ripe,1
4/17/2017,Cripple Creek,485,,Male,Ripe,1
4/16/2009,Cripple Creek,486,,Male,Ripe,1
4/16/2009,Shadow Brook,486,,Male,Ripe,1
4/15/2013,Shadow Brook,486,,Male,Ripe,1
4/15/2013,Shadow Brook,486,,Male,Ripe,1
4/16/2013,Shadow Brook,486,,Male,Ripe,1
4/17/2013,Shadow Brook,486,,Male,Ripe,1
4/18/2013,Shadow Brook,486,,Male,Ripe,1
4/18/2013,Shadow Brook,486,,Male,Ripe,1
4/18/2013,Shadow Brook,486,,Male,Ripe,1
4/10/2017,Shadow Brook,486,,Male,Ripe,1
4/12/2017,Hayden Creek,486,,Male,Ripe,1
4/12/2017,Hayden Creek,486,,Male,Ripe,1
4/13/2017,Cripple Creek,486,,Male,Ripe,1
4/14/2017,Shadow Brook,486,,Female,Ripe,1
4/14/2017,Shadow Brook,486,,Female,Ripe,1
4/23/2018,Shadow Brook,486,1020,Male,Ripe,1
4/18/2019,Shadow Brook,486,,Male,Ripe,1
4/24/2019,Shadow Brook,486,,Male,Ripe,1
4/16/2009,Cripple Creek,487,,Male,Ripe,1
4/15/2013,Shadow Brook,487,,Male,Ripe,1
4/16/2013,Hayden Creek,487,,Male,Ripe,1
4/17/2013,Shadow Brook,487,,Male,Ripe,1
4/18/2013,Shadow Brook,487,,Male,Ripe,1
4/18/2013,Shadow Brook,487,,Male,Ripe,1
4/18/2013,Shadow Brook,487,,Male,Ripe,1
4/18/2013,Shadow Brook,487,,Female,Ripe,1
4/10/2017,Shadow Brook,487,,Male,Ripe,1
4/12/2017,Hayden Creek,487,,Male,Ripe,1
4/13/2017,Cripple Creek,487,,Male,Ripe,1
4/14/2017,Cripple Creek,487,,Male,Ripe,1
4/14/2017,Cripple Creek,487,,Male,Ripe,1
4/13/2018,Shadow Brook,487,990,Male,Ripe,1
4/15/2018,Shadow Brook,487,1002,Male,Ripe,1
4/26/2018,Shadow Brook,487,969,Male,Ripe,1
4/11/2019,Shadow Brook,487,,Male,Ripe,1
4/8/2019,Shadow Brook,487,,Male,Ripe,1
4/9/2019,Shadow Brook,487,,Male,Ripe,1
4/9/2019,Shadow Brook,487,,Male,Ripe,1
4/17/2019,Shadow Brook,487,,Male,Ripe,1
4/18/2019,Shadow Brook,487,,Male,Ripe,1
4/7/2009,Hayden Creek,488,1106,Male,Ripe,1
4/9/2009,Hayden Creek,488,1219,Female,Ripe,1
4/16/2009,Cripple Creek,488,,Male,Spent,1
4/17/2009,Shadow Brook,488,,Male,Ripe,1
4/16/2013,Hayden Creek,488,,Male,Ripe,1
4/13/2017,Hayden Creek,488,,Male,Ripe,1
4/17/2019,Shadow Brook,488,,Male,Ripe,1
4/5/2009,Hayden Creek,489,,Male,Ripe,1
4/5/2009,Hayden Creek,489,,Male,Hard,1
4/12/2009,Hayden Creek,489,,Male,Ripe,1
4/16/2009,Cripple Creek,489,,Male,Ripe,1
4/15/2013,Hayden Creek,489,,Male,Ripe,1
4/15/2013,Hayden Creek,489,,Male,Ripe,1
4/16/2013,Hayden Creek,489,,Male,Ripe,1
4/16/2013,Shadow Brook,489,,Male,Ripe,1
4/17/2013,Hayden Creek,489,,Male,Ripe,1
4/17/2013,Hayden Creek,489,,Male,Ripe,1
4/18/2013,Shadow Brook,489,,Female,Spent,1
4/18/2013,Shadow Brook,489,,Male,Ripe,1
4/13/2017,Cripple Creek,489,,Male,Ripe,1
4/17/2017,Cripple Creek,489,,Male,Ripe,1
4/20/2017,Cripple Creek,489,,Male,Ripe,1
4/11/2018,Shadow Brook,489,,Male,Ripe,1
4/18/2018,Shadow Brook,489,,Male,Ripe,1
4/23/2018,Shadow Brook,489,972,Male,Ripe,1
4/24/2018,Shadow Brook,489,1303,Male,Ripe,1
4/9/2019,Shadow Brook,489,,Male,Ripe,1
4/17/2019,Shadow Brook,489,,Male,Ripe,1
4/18/2019,Shadow Brook,489,,Male,Ripe,1
4/5/2009,Hayden Creek,490,,Male,Hard,1
4/10/2009,Hayden Creek,490,,Male,Ripe,1
4/14/2009,Hayden Creek,490,,Female,Hard,1
4/16/2009,Cripple Creek,490,,Male,Ripe,1
4/17/2009,Cripple Creek,490,,Male,Ripe,1
4/17/2013,Hayden Creek,490,,Male,Ripe,1
4/18/2013,Shadow Brook,490,,Male,Ripe,1
4/21/2013,Shadow Brook,490,,Male,Ripe,1
4/11/2017,Shadow Brook,490,,Male,Ripe,1
4/11/2017,Shadow Brook,490,,Female,Ripe,1
4/14/2017,Shadow Brook,490,,Male,Ripe,1
4/14/2017,Shadow Brook,490,,Male,Ripe,1
4/23/2018,Hayden Creek,490,,Male,Ripe,1
4/8/2019,Shadow Brook,490,,Male,Ripe,1
4/9/2019,Shadow Brook,490,,Male,Ripe,1
4/5/2009,Hayden Creek,491,,Male,Ripe ,1
4/9/2009,Hayden Creek,491,1361,Male,Ripe,1
4/10/2009,Hayden Creek,491,,Male,Ripe,1
4/12/2009,Shadow Brook,491,,Male,Ripe,1
4/16/2009,Cripple Creek,491,,Male,Ripe,1
4/16/2013,Hayden Creek,491,,Male,Ripe,1
4/17/2013,Hayden Creek,491,,Male,Ripe,1
4/17/2013,Hayden Creek,491,,Male,Ripe,1
4/17/2013,Hayden Creek,491,,Male,Ripe,1
4/17/2013,Shadow Brook,491,,Male,Ripe,1
4/18/2013,Shadow Brook,491,,Female,Spent,1
4/18/2013,Shadow Brook,491,,Male,Ripe,1
4/18/2013,Shadow Brook,491,,Male,Ripe,1
4/21/2013,Shadow Brook,491,,Male,Ripe,1
4/10/2017,Hayden Creek,491,,Male,Ripe,1
4/10/2017,Shadow Brook,491,,Male,Ripe,1
4/11/2017,Shadow Brook,491,,Male,Ripe,1
4/12/2017,Hayden Creek,491,,Male,Ripe,1
4/12/2017,Shadow Brook,491,,Male,Ripe,1
4/13/2017,Hayden Creek,491,,Male,Ripe,1
4/17/2017,Shadow Brook,491,,Male,Ripe,1
4/11/2018,Shadow Brook,491,,Male,Ripe,1
4/12/2018,Shadow Brook,491,,Male,Ripe,1
4/19/2018,Shadow Brook,491,1020,Male,Ripe,1
4/11/2019,Shadow Brook,491,,Male,Ripe,1
4/17/2019,Shadow Brook,491,,Female,Ripe,1
4/5/2009,Shadow Brook,492,,Male,Ripe,1
4/10/2009,Hayden Creek,492,,Male,Ripe,1
4/17/2009,Shadow Brook,492,,Male,Ripe,1
4/15/2013,Shadow Brook,492,,Male,Ripe,1
4/15/2013,Shadow Brook,492,,Male,Ripe,1
4/16/2013,Hayden Creek,492,,Female,Hard,1
4/17/2013,Hayden Creek,492,,Male,Ripe,1
4/17/2013,Shadow Brook,492,,Male,Ripe,1
4/21/2013,Shadow Brook,492,,Male,Ripe,1
4/10/2017,Hayden Creek,492,,Male,Ripe,1
4/12/2017,Hayden Creek,492,,Male,Ripe,1
4/12/2017,Hayden Creek,492,,Male,Ripe,1
4/12/2017,Shadow Brook,492,,Male,Ripe,1
4/14/2017,Cripple Creek,492,,Male,Ripe,1
4/14/2017,Hayden Creek,492,,Male,Ripe,1
4/18/2017,Shadow Brook,492,,Male,Ripe,1
4/12/2018,Shadow Brook,492,,Male,Ripe,1
4/13/2018,Shadow Brook,492,1138,Male,Ripe,1
4/15/2018,Shadow Brook,492,1020,Male,Ripe,1
4/19/2018,Shadow Brook,492,1154,Male,Ripe,1
4/23/2018,Shadow Brook,492,1113.5,Male,Ripe,1
4/23/2018,Shadow Brook,492,1072,Male,Ripe,1
4/18/2019,Shadow Brook,492,,Male,Ripe,1
4/14/2009,Hayden Creek,493,,Male,Ripe,1
4/14/2009,Leatherstocking Creek,493,,Female,Ripe,1
4/16/2009,Shadow Brook,493,,Male,Ripe ,1
4/16/2009,Shadow Brook,493,,Male,Ripe ,1
4/16/2013,Hayden Creek,493,,Male,Ripe,1
4/18/2013,Shadow Brook,493,,Male,Ripe,1
4/21/2013,Shadow Brook,493,,Male,Ripe,1
4/10/2017,Shadow Brook,493,,Male,Ripe,1
4/12/2017,Hayden Creek,493,,Male,Ripe,1
4/13/2017,Cripple Creek,493,,Male,Ripe,1
4/14/2017,Shadow Brook,493,,Male,Ripe,1
4/10/2018,Shadow Brook,493,,Male,Ripe,1
4/18/2018,Shadow Brook,493,,Male,Ripe,1
4/11/2019,Shadow Brook,493,,Male,Ripe,1
4/16/2019,Shadow Brook,493,,Male,Ripe,1
4/18/2019,Shadow Brook,493,,Male,Ripe,1
4/5/2009,Hayden Creek,494,,Male,Ripe,1
4/7/2009,Hayden Creek,494,1361,Male,Ripe,1
4/9/2009,Hayden Creek,494,1247,Male,Ripe,1
4/16/2009,Cripple Creek,494,,Male,Ripe,1
4/17/2013,Hayden Creek,494,,Male,Ripe,1
4/17/2013,Hayden Creek,494,,Male,Ripe,1
4/18/2013,Shadow Brook,494,,Male,Ripe,1
4/11/2017,Shadow Brook,494,,Male,Ripe,1
4/11/2017,Shadow Brook,494,,Male,Ripe,1
4/13/2017,Cripple Creek,494,,Male,Ripe,1
4/14/2017,Shadow Brook,494,,Male,Ripe,1
4/17/2017,Shadow Brook,494,,unk,unk,1
4/12/2018,Shadow Brook,494,,Male,Ripe,1
4/12/2018,Shadow Brook,494,,Male,Ripe,1
4/17/2018,Shadow Brook,494,1186,Male,Ripe,1
4/18/2018,Shadow Brook,494,,Male,Ripe,1
4/23/2018,Shadow Brook,494,1117,Male,Ripe,1
4/23/2018,Shadow Brook,494,1179,Male,Ripe,1
4/24/2018,Shadow Brook,494,1098,Male,Ripe,1
4/26/2018,Shadow Brook,494,1169,Male,Ripe,1
4/16/2019,Shadow Brook,494,,Male,Ripe,1
4/18/2019,Shadow Brook,494,,Male,Ripe,1
4/5/2009,Hayden Creek,495,,Male,Ripe,1
4/5/2009,Hayden Creek,495,,Male,Ripe,1
4/15/2013,Shadow Brook,495,,Male,Ripe,1
4/16/2013,Shadow Brook,495,,Female,Hard,1
4/10/2017,Shadow Brook,495,,Male,Ripe,1
4/11/2017,Shadow Brook,495,,Male,Ripe,1
4/12/2017,Shadow Brook,495,,Male,Ripe,1
4/17/2017,Shadow Brook,495,,Male,Ripe,1
4/19/2018,Shadow Brook,495,1068,Male,Ripe,1
4/19/2018,Shadow Brook,495,1018,Male,Ripe,1
4/24/2018,Shadow Brook,495,1070,Male,Ripe,1
4/10/2019,Cripple Creek,495,,Male,Ripe,1
4/5/2009,Shadow Brook,496,,Female,Hard,1
4/12/2009,Hayden Creek,496,,Male,Ripe,1
4/15/2013,Hayden Creek,496,,Male,Ripe,1
4/15/2013,Shadow Brook,496,,Male,Ripe,1
4/15/2013,Shadow Brook,496,,Female,Ripe,1
4/17/2013,Shadow Brook,496,,Female,Ripe,1
4/18/2013,Shadow Brook,496,,Male,Ripe,1
4/10/2017,Shadow Brook,496,,Male,Ripe,1
4/10/2017,Shadow Brook,496,,Male,Ripe,1
4/10/2017,Shadow Brook,496,,Male,Ripe,1
4/12/2017,Hayden Creek,496,,Female,Ripe,1
4/12/2017,Hayden Creek,496,,Male,Ripe,1
4/12/2017,Shadow Brook,496,,Male,Ripe,1
4/13/2017,Cripple Creek,496,,Male,Ripe,1
4/13/2017,Hayden Creek,496,,Male,Ripe,1
4/17/2017,Shadow Brook,496,,unk,unk,1
4/15/2018,Shadow Brook,496,1112,Male,Ripe,1
4/18/2018,Shadow Brook,496,,Male,Ripe,1
4/18/2018,Shadow Brook,496,,Male,Ripe,1
4/23/2018,Hayden Creek,496,,Female,Ripe,1
4/23/2018,Shadow Brook,496,1122.7,Male,Ripe,1
4/23/2018,Shadow Brook,496,1117,Male,Ripe,1
4/16/2019,Shadow Brook,496,,Male,Ripe,1
4/17/2019,Shadow Brook,496,,Male,Ripe,1
4/7/2009,Hayden Creek,497,1247,Male,Hard,1
4/9/2009,Hayden Creek,497,1389,Male,Hard,1
4/18/2009,Shadow Brook,497,,Male,Spent,1
4/15/2013,Shadow Brook,497,,Male,Ripe,1
4/16/2013,Hayden Creek,497,,Male,Ripe,1
4/17/2013,Hayden Creek,497,,Male,Ripe,1
4/18/2013,Shadow Brook,497,,Male,Ripe,1
4/10/2017,Hayden Creek,497,,Male,Ripe,1
4/10/2017,Shadow Brook,497,,Male,Ripe,1
4/11/2017,Shadow Brook,497,,Male,Ripe,1
4/13/2017,Hayden Creek,497,,Male,Ripe,1
4/17/2017,Shadow Brook,497,,Male,Ripe,1
4/12/2018,Shadow Brook,497,,Male,Ripe,1
4/17/2018,Shadow Brook,497,1062,Male,Ripe,1
4/18/2018,Shadow Brook,497,,Male,Ripe,1
4/23/2018,Hayden Creek,497,,Male,Ripe,1
4/11/2019,Shadow Brook,497,,Male,Ripe,1
4/11/2019,Shadow Brook,497,,Male,Ripe,1
4/16/2019,Shadow Brook,497,,Male,Ripe,1
4/18/2019,Shadow Brook,497,,Male,Ripe,1
4/22/2019,Shadow Brook,497,,Male,Ripe,1
4/5/2009,Hayden Creek,498,,Male,Hard,1
4/16/2009,Cripple Creek,498,,Male,Ripe,1
4/17/2013,Hayden Creek,498,,Male,Ripe,1
4/18/2013,Shadow Brook,498,,Female,Ripe,1
4/10/2017,Shadow Brook,498,,Male,Ripe,1
4/12/2017,Hayden Creek,498,,Male,Ripe,1
4/12/2017,Hayden Creek,498,,Male,Ripe,1
4/14/2017,Shadow Brook,498,,Male,Ripe,1
4/11/2018,Shadow Brook,498,,Male,Ripe,1
4/12/2018,Shadow Brook,498,,Male,Ripe,1
4/13/2018,Shadow Brook,498,1082,Male,Ripe,1
4/17/2018,Shadow Brook,498,1122,Male,Ripe,1
4/19/2018,Shadow Brook,498,1248,Male,Ripe,1
4/24/2018,Shadow Brook,498,1170,Male,Ripe,1
4/26/2018,Shadow Brook,498,1026,Male,Ripe,1
4/8/2019,Hayden Creek,498,,Male,Ripe,1
4/13/2019,Shadow Brook,498,,Male,Ripe,1
4/5/2009,Hayden Creek,499,,Male,Ripe,1
4/5/2009,Hayden Creek,499,,Female,Ripe,1
4/5/2009,Hayden Creek,499,,Male,Ripe,1
4/7/2009,Hayden Creek,499,1332,Male,Ripe,1
4/10/2009,Hayden Creek,499,,Male,Ripe,1
4/14/2009,Hayden Creek,499,,Male,Ripe,1
4/17/2009,Shadow Brook,499,,Male,Ripe,1
4/16/2013,Shadow Brook,499,,Male,Ripe,1
4/17/2013,Hayden Creek,499,,Male,Ripe,1
4/18/2013,Shadow Brook,499,,Male,Ripe,1
4/10/2017,Shadow Brook,499,,Male,Ripe,1
4/10/2017,Shadow Brook,499,,Male,Ripe,1
4/12/2017,Hayden Creek,499,,Male,Ripe,1
4/12/2017,Hayden Creek,499,,Male,Ripe,1
4/14/2017,Shadow Brook,499,,Female,Ripe,1
4/11/2018,Shadow Brook,499,,Male,Ripe,1
4/15/2018,Shadow Brook,499,1144,Male,Ripe,1
4/13/2019,Shadow Brook,499,,Male,Ripe,1
4/13/2019,Shadow Brook,499,,Male,Ripe,1
4/17/2019,Shadow Brook,499,,Male,Ripe,1
4/18/2019,Shadow Brook,499,,Male,Ripe,1
4/9/2009,Hayden Creek,500,1304,Male,Ripe,1
4/16/2009,Cripple Creek,500,,Male,Ripe,1
4/16/2009,Cripple Creek,500,,Male,Ripe,1
4/17/2009,Cripple Creek,500,,Male,Ripe,1
4/10/2018,Shadow Brook,500,,Male,Ripe,1
4/19/2018,Shadow Brook,500,1116,Male,Ripe,1
4/10/2019,Shadow Brook,500,,Male,Ripe,1
4/22/2019,Cripple Creek,500,,Male,Ripe,1
4/18/2019,Shadow Brook,500,,Male,Ripe,1
4/5/2009,Cripple Creek,501,,Female,Ripe,1
4/5/2009,Hayden Creek,501,,Male,Ripe,1
4/12/2009,Shadow Brook,501,,Male,Ripe,1
4/16/2009,Cripple Creek,501,,Male,Ripe,1
4/16/2009,Shadow Brook,501,,Male,Ripe ,1
4/15/2013,Shadow Brook,501,,Male,Ripe,1
4/16/2013,Shadow Brook,501,,Male,Ripe,1
4/17/2013,Hayden Creek,501,,Male,Ripe,1
4/17/2013,Shadow Brook,501,,Male,Ripe,1
4/21/2013,Shadow Brook,501,,Male,Ripe,1
4/10/2017,Hayden Creek,501,,Male,Ripe,1
4/10/2017,Shadow Brook,501,,Male,Ripe,1
4/11/2017,Shadow Brook,501,,Male,Ripe,1
4/12/2017,Hayden Creek,501,,Male,Ripe,1
4/12/2018,Shadow Brook,501,,Male,Ripe,1
4/12/2018,Shadow Brook,501,,Male,Ripe,1
4/18/2018,Shadow Brook,501,,Male,Ripe,1
4/19/2018,Shadow Brook,501,1144,Male,Ripe,1
4/23/2018,Shadow Brook,501,1173,Male,Ripe,1
4/26/2018,Shadow Brook,501,1272,Male,Ripe,1
4/26/2018,Shadow Brook,501,1560,Male,Ripe,1
4/18/2019,Cripple Creek,501,,Male,Ripe,1
4/16/2019,Shadow Brook,501,,Male,Ripe,1
4/17/2019,Shadow Brook,501,,Male,Ripe,1
4/18/2019,Shadow Brook,501,,Male,Ripe,1
4/10/2009,Hayden Creek,502,,Male,Ripe,1
4/12/2009,Hayden Creek,502,,Male,Ripe,1
4/16/2009,Cripple Creek,502,,Male,Ripe,1
4/18/2009,Shadow Brook,502,,Male,Ripe,1
4/15/2013,Shadow Brook,502,,Male,Ripe,1
4/15/2013,Shadow Brook,502,,Male,Hard,1
4/16/2013,Shadow Brook,502,,Male,Ripe,1
4/18/2013,Shadow Brook,502,,Male,Ripe,1
4/10/2017,Shadow Brook,502,,Male,Ripe,1
4/12/2017,Hayden Creek,502,,Male,Ripe,1
4/12/2017,Shadow Brook,502,,Male,Ripe,1
4/11/2018,Shadow Brook,502,,Male,Ripe,1
4/24/2018,Shadow Brook,502,1398,Male,Ripe,1
4/5/2009,Hayden Creek,503,,Male,Ripe,1
4/16/2009,Cripple Creek,503,,Male,Spent,1
4/17/2009,Shadow Brook,503,,Male,Hard,1
4/15/2013,Shadow Brook,503,,Male,Ripe,1
4/16/2013,Hayden Creek,503,,Male,Hard,1
4/17/2013,Hayden Creek,503,,Male,Ripe,1
4/18/2013,Shadow Brook,503,,Male,Ripe,1
4/10/2017,Hayden Creek,503,,Male,Ripe,1
4/10/2017,Shadow Brook,503,,Male,Ripe,1
4/10/2017,Shadow Brook,503,,Male,Ripe,1
4/11/2017,Shadow Brook,503,,Male,Ripe,1
4/11/2017,Shadow Brook,503,,Male,Ripe,1
4/12/2017,Hayden Creek,503,,Male,Ripe,1
4/20/2017,Cripple Creek,503,,Male,Ripe,1
4/10/2018,Shadow Brook,503,,Male,Ripe,1
4/15/2018,Shadow Brook,503,1262,Male,Ripe,1
4/18/2018,Shadow Brook,503,,Male,Ripe,1
4/23/2018,Hayden Creek,503,,Male,Ripe,1
4/26/2018,Shadow Brook,503,1137,Male,Ripe,1
4/18/2019,Cripple Creek,503,,Male,Ripe,1
4/12/2009,Hayden Creek,504,,Male,Ripe,1
4/15/2013,Shadow Brook,504,,Male,Ripe,1
4/17/2013,Hayden Creek,504,,Male,Ripe,1
4/17/2013,Hayden Creek,504,,Male,Ripe,1
4/17/2013,Shadow Brook,504,,Male,Ripe,1
4/17/2013,Shadow Brook,504,,Male,Ripe,1
4/18/2013,Shadow Brook,504,,Male,Ripe,1
4/10/2017,Hayden Creek,504,,Male,Ripe,1
4/10/2017,Hayden Creek,504,,Male,Ripe,1
4/10/2017,Shadow Brook,504,,Male,Ripe,1
4/10/2017,Shadow Brook,504,,Male,Ripe,1
4/10/2017,Shadow Brook,504,,Male,Ripe,1
4/13/2017,Cripple Creek,504,,Male,Ripe,1
4/13/2017,Hayden Creek,504,,Male,Ripe,1
4/14/2017,Cripple Creek,504,,Male,Ripe,1
4/15/2018,Hayden Creek,504,,Male,Ripe,1
4/19/2018,Shadow Brook,504,1216,Male,Ripe,1
4/19/2018,Shadow Brook,504,1024,Male,Ripe,1
4/23/2018,Shadow Brook,504,1204,Male,Ripe,1
4/23/2018,Shadow Brook,504,1052,Male,Ripe,1
4/24/2018,Shadow Brook,504,1260,Male,Ripe,1
4/11/2019,Shadow Brook,504,,Male,Ripe,1
4/16/2019,Shadow Brook,504,,Male,Ripe,1
4/17/2019,Shadow Brook,504,,Male,Ripe,1
4/9/2009,Hayden Creek,505,1389,Male,Ripe,1
4/12/2009,Leatherstocking Creek,505,,Female,Ripe,1
4/12/2009,Shadow Brook,505,,Male,Spent,1
4/12/2009,Shadow Brook,505,,Male,Ripe,1
4/16/2009,Cripple Creek,505,,Male,Ripe,1
4/18/2009,Shadow Brook,505,,Male,Ripe,1
4/17/2013,Hayden Creek,505,,Female,Ripe,1
4/18/2013,Shadow Brook,505,,Male,Ripe,1
4/15/2018,Hayden Creek,505,,Male,Ripe,1
4/13/2019,Cripple Creek,505,,Male,Ripe,1
4/7/2009,Hayden Creek,506,1332,Male,Ripe,1
4/9/2009,Hayden Creek,506,1361,Male,Ripe,1
4/9/2009,Hayden Creek,506,1332,Female,Ripe,1
4/12/2009,Hayden Creek,506,,Male,Ripe,1
4/15/2013,Hayden Creek,506,,Male,Ripe,1
4/15/2013,Shadow Brook,506,,Male,Ripe,1
4/16/2013,Hayden Creek,506,,Male,Ripe,1
4/16/2013,Hayden Creek,506,,Male,Ripe,1
4/18/2013,Shadow Brook,506,,Male,Ripe,1
4/21/2013,Shadow Brook,506,,Male,Ripe,1
4/12/2017,Hayden Creek,506,,Male,Ripe,1
4/12/2017,Hayden Creek,506,,Male,Ripe,1
4/12/2017,Shadow Brook,506,,Male,Ripe,1
4/13/2017,Cripple Creek,506,,Male,Ripe,1
4/14/2017,Shadow Brook,506,,Male,Ripe,1
4/14/2017,Shadow Brook,506,,Male,Ripe,1
4/10/2018,Shadow Brook,506,,Male,Ripe,1
4/18/2018,Shadow Brook,506,,Male,Ripe,1
4/18/2018,Shadow Brook,506,,Male,Ripe,1
4/23/2018,Shadow Brook,506,1153.7,Male,Ripe,1
4/23/2018,Shadow Brook,506,1141,Male,Ripe,1
4/24/2018,Shadow Brook,506,1076,Male,Ripe,1
4/24/2018,Shadow Brook,506,1141,Female,Ripe,1
4/26/2018,Shadow Brook,506,1266,Male,Ripe,1
4/17/2019,Shadow Brook,506,,Male,Ripe,1
4/18/2019,Shadow Brook,506,,Male,Ripe,1
4/12/2009,Hayden Creek,507,,Male,Ripe,1
4/15/2013,Shadow Brook,507,,Male,Ripe,1
4/15/2013,Shadow Brook,507,,Male,Ripe,1
4/16/2013,Shadow Brook,507,,Male,Ripe,1
4/18/2013,Shadow Brook,507,,Male,Ripe,1
4/11/2017,Shadow Brook,507,,Male,Ripe,1
4/12/2017,Hayden Creek,507,,Male,Ripe,1
4/12/2017,Hayden Creek,507,,Male,Ripe,1
4/14/2017,Shadow Brook,507,,Male,Ripe,1
4/10/2018,Shadow Brook,507,,Male,Ripe,1
4/12/2018,Shadow Brook,507,,Male,Ripe,1
4/18/2018,Shadow Brook,507,,Male,Ripe,1
4/9/2009,Hayden Creek,508,1247,Male,Ripe,1
4/16/2009,Cripple Creek,508,,Male,Ripe,1
4/16/2013,Hayden Creek,508,,Male,Ripe,1
4/17/2013,Hayden Creek,508,,Male,Ripe,1
4/17/2013,Hayden Creek,508,,Male,Ripe,1
4/10/2017,Shadow Brook,508,,Male,Ripe,1
4/12/2017,Hayden Creek,508,,Male,Ripe,1
4/14/2017,Hayden Creek,508,,Male,Ripe,1
4/14/2017,Shadow Brook,508,,Male,Ripe,1
4/8/2019,Shadow Brook,508,,Male,Ripe,1
4/16/2019,Cripple Creek,508,,Male,Ripe,1
4/16/2019,Shadow Brook,508,,Male,Ripe,1
4/17/2019,Shadow Brook,508,,Male,Ripe,1
4/17/2019,Shadow Brook,508,,Male,Ripe,1
4/18/2019,Shadow Brook,508,,Female,Ripe,1
4/9/2009,Hayden Creek,509,1332,Male,Ripe,1
4/12/2009,Hayden Creek,509,,Male,Ripe,1
4/12/2009,Shadow Brook,509,,Female,Ripe,1
4/14/2009,Hayden Creek,509,,Male,Ripe,1
4/16/2009,Cripple Creek,509,,Male,Ripe,1
4/16/2009,Cripple Creek,509,,Male,Ripe,1
4/18/2009,Leatherstocking Creek,509,,Male,Ripe,1
4/15/2013,Shadow Brook,509,,Male,Ripe,1
4/18/2013,Shadow Brook,509,,Male,Ripe,1
4/10/2017,Shadow Brook,509,,Male,Ripe,1
4/10/2017,Shadow Brook,509,,Male,Ripe,1
4/12/2017,Hayden Creek,509,,Male,Ripe,1
4/12/2017,Shadow Brook,509,,Male,Ripe,1
4/13/2017,Hayden Creek,509,,Male,Ripe,1
4/14/2017,Cripple Creek,509,,Male,Ripe,1
4/12/2018,Shadow Brook,509,,Male,Ripe,1
4/13/2018,Shadow Brook,509,1230,Male,Ripe,1
4/17/2018,Shadow Brook,509,1302,Male,Ripe,1
4/19/2018,Shadow Brook,509,1388,Male,Ripe,1
4/17/2019,Shadow Brook,509,,Male,Ripe,1
4/7/2009,Hayden Creek,510,1332,Male,Ripe,1
4/7/2009,Hayden Creek,510,1503,Female,Ripe,1
4/17/2009,Cripple Creek,510,,Male,Ripe,1
4/16/2013,Hayden Creek,510,,Male,Ripe,1
4/18/2018,Shadow Brook,510,,Male,Ripe,1
4/24/2018,Shadow Brook,510,1096,Male,Ripe,1
4/26/2018,Shadow Brook,510,1268,Male,Ripe,1
4/26/2018,Shadow Brook,510,1232,Male,Ripe,1
4/5/2009,Hayden Creek,511,,Male,Ripe,1
4/7/2009,Shadow Brook,511,1446,Male,Ripe,1
4/10/2009,Hayden Creek,511,,Male,Ripe,1
4/18/2009,Shadow Brook,511,,Male,Spent,1
4/15/2013,Shadow Brook,511,,Female,Hard,1
4/18/2013,Shadow Brook,511,,Male,Ripe,1
4/10/2017,Shadow Brook,511,,Male,Ripe,1
4/11/2017,Shadow Brook,511,,Male,Ripe,1
4/12/2017,Hayden Creek,511,,Male,Ripe,1
4/12/2017,Hayden Creek,511,,Male,Ripe,1
4/12/2017,Shadow Brook,511,,Male,Ripe,1
4/14/2017,Shadow Brook,511,,Female,Ripe,1
4/19/2018,Shadow Brook,511,1220,Male,Ripe,1
4/23/2018,Shadow Brook,511,1117,Male,Ripe,1
4/26/2018,Shadow Brook,511,1245,Male,Ripe,1
4/17/2019,Shadow Brook,511,,Male,Ripe,1
4/17/2019,Shadow Brook,511,,Male,Ripe,1
4/18/2019,Shadow Brook,511,,Male,Ripe,1
4/5/2009,Hayden Creek,512,,Female,Ripe,1
4/5/2009,Shadow Brook,512,,Male,Ripe,1
4/10/2009,Hayden Creek,512,,Male,Ripe,1
4/16/2013,Hayden Creek,512,,Male,Ripe,1
4/16/2013,Hayden Creek,512,,Female,Hard,1
4/16/2013,Shadow Brook,512,,Female,Spent,1
4/16/2013,Shadow Brook,512,,Male,Ripe,1
4/10/2017,Shadow Brook,512,,Male,Ripe,1
4/10/2017,Shadow Brook,512,,Male,Ripe,1
4/10/2017,Shadow Brook,512,,Male,Ripe,1
4/11/2017,Shadow Brook,512,,Male,Ripe,1
4/12/2017,Hayden Creek,512,,Male,Ripe,1
4/18/2018,Shadow Brook,512,,Male,Ripe,1
4/13/2019,Shadow Brook,512,,Male,Ripe,1
4/13/2019,Shadow Brook,512,,Male,Ripe,1
4/7/2009,Hayden Creek,513,1361,Male,Hard,1
4/16/2009,Cripple Creek,513,,Male,Ripe,1
4/16/2009,Cripple Creek,513,,Male,Spent,1
4/17/2009,Cripple Creek,513,,Male,Ripe,1
4/15/2013,Shadow Brook,513,,Male,Ripe,1
4/16/2013,Hayden Creek,513,,Male,Ripe,1
4/22/2013,Shadow Brook,513,,Male,Ripe,1
4/10/2017,Shadow Brook,513,,Male,Ripe,1
4/11/2017,Shadow Brook,513,,Male,Ripe,1
4/17/2017,Shadow Brook,513,,Male,Ripe,1
4/18/2017,Shadow Brook,513,,Male,Ripe,1
4/10/2018,Shadow Brook,513,,Male,Ripe,1
4/11/2018,Shadow Brook,513,,Male,Ripe,1
4/12/2018,Shadow Brook,513,,Male,Ripe,1
4/17/2018,Hayden Creek,513,1164,Male,Ripe,1
4/10/2019,Shadow Brook,513,,Male,Ripe,1
4/10/2019,Shadow Brook,513,,Female,Hard,1
4/16/2019,Shadow Brook,513,,Male,Ripe,1
4/18/2019,Shadow Brook,513,,Female,Ripe,1
4/24/2019,Shadow Brook,513,,Male,Ripe,1
4/15/2013,Hayden Creek,514,,Male,Ripe,1
4/17/2013,Shadow Brook,514,,Male,Ripe,1
4/17/2013,Shadow Brook,514,,Male,Ripe,1
4/10/2017,Shadow Brook,514,,Male,Ripe,1
4/10/2017,Shadow Brook,514,,Male,Ripe,1
4/11/2017,Shadow Brook,514,,Male,Ripe,1
4/11/2017,Shadow Brook,514,,Male,Ripe,1
4/14/2017,Shadow Brook,514,,Male,Ripe,1
4/15/2018,Shadow Brook,514,1374,Male,Ripe,1
4/18/2018,Shadow Brook,514,,Male,Ripe,1
4/19/2018,Shadow Brook,514,1480,Male,Ripe,1
4/24/2018,Shadow Brook,514,1233,Male,Ripe,1
4/26/2018,Shadow Brook,514,1282,Male,Ripe,1
4/22/2019,Cripple Creek,514,,Male,Ripe,1
4/16/2019,Shadow Brook,514,,Male,Ripe,1
4/18/2019,Shadow Brook,514,,Male,Ripe,1
4/7/2009,Shadow Brook,515,2013,Male,Ripe,1
4/9/2009,Hayden Creek,515,1701,Male,Ripe,1
4/10/2009,Hayden Creek,515,,Male,Ripe,1
4/17/2013,Hayden Creek,515,,Male,Ripe,1
4/17/2013,Shadow Brook,515,,Male,Ripe,1
4/12/2017,Shadow Brook,515,,Male,Ripe,1
4/19/2018,Shadow Brook,515,1452,Male,Ripe,1
4/11/2019,Shadow Brook,515,,Male,Ripe,1
4/16/2019,Shadow Brook,515,,Male,Ripe,1
4/16/2019,Shadow Brook,515,,Male,Ripe,1
4/12/2009,Hayden Creek,516,,Male,Ripe,1
4/12/2009,Shadow Brook,516,,Male,Ripe,1
4/17/2013,Hayden Creek,516,,Male,Ripe,1
4/10/2017,Shadow Brook,516,,Male,Ripe,1
4/11/2017,Shadow Brook,516,,Female,Ripe,1
4/14/2017,Hayden Creek,516,,Male,Ripe,1
4/14/2017,Shadow Brook,516,,Male,Ripe,1
4/23/2018,Hayden Creek,516,,Female,Ripe,1
4/16/2019,Cripple Creek,516,,Male,Ripe,1
4/13/2019,Shadow Brook,516,,Female,Ripe,1
4/13/2019,Shadow Brook,516,,Male,Ripe,1
4/16/2019,Shadow Brook,516,,Female,S,1
4/15/2013,Shadow Brook,517,,Male,Ripe,1
4/10/2017,Shadow Brook,517,,Male,Ripe,1
4/10/2017,Shadow Brook,517,,Male,Ripe,1
4/13/2017,Cripple Creek,517,,Male,Ripe,1
4/10/2018,Shadow Brook,517,,Male,Ripe,1
4/11/2018,Shadow Brook,517,,Male,Ripe,1
4/12/2018,Shadow Brook,517,,Male,Ripe,1
4/15/2018,Hayden Creek,517,,Male,Ripe,1
4/19/2018,Shadow Brook,517,1244,Male,Ripe,1
4/23/2018,Shadow Brook,517,1241,Male,Ripe,1
4/8/2019,Shadow Brook,517,,Male,Ripe,1
4/16/2019,Shadow Brook,517,,Male,Ripe,1
4/18/2019,Shadow Brook,517,,Female,Ripe,1
4/22/2019,Shadow Brook,517,,Male,Ripe,1
4/5/2009,Hayden Creek,518,,Male,Ripe,1
4/10/2009,Hayden Creek,518,,Male,Ripe,1
4/17/2013,Hayden Creek,518,,Male,Ripe,1
4/22/2013,Shadow Brook,518,,Male,Ripe,1
4/12/2017,Hayden Creek,518,,Male,Ripe,1
4/13/2017,Cripple Creek,518,,Male,Ripe,1
4/17/2017,Cripple Creek,518,,Male,Ripe,1
4/11/2018,Shadow Brook,518,,Male,Ripe,1
4/26/2018,Shadow Brook,518,1518,Female,Ripe,1
4/10/2019,Shadow Brook,518,,Male,Ripe,1
4/16/2019,Shadow Brook,518,,Male,Ripe,1
4/17/2019,Shadow Brook,518,,Male,Ripe,1
4/18/2019,Shadow Brook,518,,Male,Ripe,1
4/24/2019,Shadow Brook,518,,Male,Ripe,1
4/5/2009,Hayden Creek,519,,Male,Ripe,1
4/7/2009,Hayden Creek,519,1503,Male,Ripe,1
4/15/2013,Shadow Brook,519,,Male,Ripe,1
4/16/2013,Hayden Creek,519,,Male,Ripe,1
4/16/2013,Hayden Creek,519,,Female,Ripe,1
4/18/2013,Shadow Brook,519,,Male,Ripe,1
4/21/2013,Shadow Brook,519,,Male,Ripe,1
4/10/2017,Shadow Brook,519,,Male,Ripe,1
4/11/2017,Shadow Brook,519,,Male,Ripe,1
4/17/2017,Cripple Creek,519,,unk,unk,1
4/19/2018,Shadow Brook,519,1240,Male,Ripe,1
4/23/2018,Shadow Brook,519,,Male,Ripe,1
4/26/2018,Shadow Brook,519,1375,Male,Ripe,1
4/26/2018,Shadow Brook,519,1349,Male,Ripe,1
4/10/2019,Shadow Brook,519,,Male,Ripe,1
4/13/2019,Shadow Brook,519,,Male,Ripe,1
4/7/2009,Hayden Creek,520,1503,Male,Ripe,1
4/10/2009,Hayden Creek,520,,Male,Ripe,1
4/16/2009,Cripple Creek,520,,Male,Ripe,1
4/16/2009,Cripple Creek,520,,Male,Spent,1
4/17/2009,Shadow Brook,520,,Male,Ripe,1
4/17/2009,Shadow Brook,520,,Male,Ripe,1
4/16/2013,Hayden Creek,520,,Male,Ripe,1
4/16/2013,Shadow Brook,520,,Male,Ripe,1
4/17/2013,Hayden Creek,520,,Male,Ripe,1
4/17/2013,Shadow Brook,520,,Male,Ripe,1
4/17/2013,Shadow Brook,520,,Female,Ripe,1
4/10/2017,Shadow Brook,520,,Male,Ripe,1
4/10/2017,Shadow Brook,520,,Male,Ripe,1
4/23/2018,Shadow Brook,520,1238,Male,Ripe,1
4/24/2018,Shadow Brook,520,1106,Female,Ripe,1
4/26/2018,Shadow Brook,520,1387,Male,Ripe,1
4/7/2009,Hayden Creek,521,1474,Male,Hard,1
4/12/2009,Hayden Creek,521,,Male,Ripe,1
4/16/2009,Cripple Creek,521,,Male,Ripe,1
4/16/2013,Shadow Brook,521,,Male,Ripe,1
4/17/2013,Hayden Creek,521,,Male,Ripe,1
4/10/2017,Shadow Brook,521,,Male,Ripe,1
4/11/2017,Shadow Brook,521,,Male,Ripe,1
4/12/2017,Hayden Creek,521,,Male,Ripe,1
4/14/2017,Hayden Creek,521,,Male,Ripe,1
4/14/2017,Shadow Brook,521,,Male,Ripe,1
4/20/2017,Shadow Brook,521,,Male,Ripe,1
4/19/2018,Shadow Brook,521,1340,Male,Ripe,1
4/19/2018,Shadow Brook,521,1318,Male,Ripe,1
4/19/2018,Shadow Brook,521,1362,Male,Ripe,1
4/23/2018,Hayden Creek,521,,Female,Hard,1
4/23/2018,Shadow Brook,521,,Male,Ripe,1
4/26/2018,Shadow Brook,521,1399,Male,Ripe,1
4/26/2018,Shadow Brook,521,1429,Male,Ripe,1
4/30/2018,Shadow Brook,521,1281,Male,Ripe,1
4/11/2019,Shadow Brook,521,,Male,Ripe,1
4/11/2019,Shadow Brook,521,,Male,Ripe,1
4/11/2019,Shadow Brook,521,,Male,Ripe,1
4/16/2019,Shadow Brook,521,,Male,Ripe,1
4/17/2019,Shadow Brook,521,,Male,Ripe,1
4/17/2019,Shadow Brook,521,,Male,Ripe,1
4/18/2019,Shadow Brook,521,,Female,Hard,1
4/24/2019,Shadow Brook,521,,Male,Ripe,1
4/17/2009,Shadow Brook,522,,Male,Ripe,1
4/21/2013,Shadow Brook,522,,Male,Ripe,1
4/12/2017,Hayden Creek,522,,Male,Ripe,1
4/14/2017,Cripple Creek,522,,Male,Ripe,1
4/14/2017,Cripple Creek,522,,Male,Ripe,1
4/10/2018,Shadow Brook,522,,Male,Ripe,1
4/19/2018,Shadow Brook,522,1468,Male,Ripe,1
4/23/2018,Shadow Brook,522,,Male,Ripe,1
4/24/2018,Shadow Brook,522,1382,Male,Ripe,1
4/26/2018,Shadow Brook,522,1145,Male,Ripe,1
4/11/2019,Shadow Brook,522,,Male,Ripe,1
4/11/2019,Shadow Brook,522,,Male,Ripe,1
4/9/2019,Shadow Brook,522,,Male,Ripe,1
4/10/2019,Shadow Brook,522,,Male,Ripe,1
4/10/2019,Cripple Creek,522,,Male,Ripe,1
4/16/2019,Shadow Brook,522,  ,Male,Ripe,1
4/18/2019,Shadow Brook,522,,Male,Ripe,1
4/12/2009,Hayden Creek,523,,Male,Ripe,1
4/14/2009,Hayden Creek,523,,Male,Ripe,1
4/18/2009,Shadow Brook,523,,Male,Ripe,1
4/16/2013,Shadow Brook,523,,Female,Hard,1
4/17/2013,Hayden Creek,523,,Male,Ripe,1
4/17/2013,Shadow Brook,523,,Male,Ripe,1
4/21/2013,Shadow Brook,523,,Male,Ripe,1
4/11/2017,Shadow Brook,523,,Male,Ripe,1
4/12/2017,Hayden Creek,523,,Male,Ripe,1
4/10/2018,Shadow Brook,523,,Male,Ripe,1
4/13/2018,Shadow Brook,523,1424,Male,Ripe,1
4/18/2018,Hayden Creek,523,,Female,Ripe,1
4/26/2018,Shadow Brook,523,1278,Male,Ripe,1
4/26/2018,Shadow Brook,523,1287,Male,Ripe,1
4/13/2019,Shadow Brook,523,,Male,Ripe,1
4/18/2019,Shadow Brook,523,,Male,Ripe,1
4/5/2009,Hayden Creek,524,,Female,Hard,1
4/15/2013,Shadow Brook,524,,Male,Ripe,1
4/16/2013,Hayden Creek,524,,Male,Ripe,1
4/16/2013,Hayden Creek,524,,Male,Ripe,1
4/13/2017,Cripple Creek,524,,Male,Ripe,1
4/14/2017,Shadow Brook,524,,Male,Ripe,1
4/15/2018,Hayden Creek,524,,Male,Ripe,1
4/18/2018,Shadow Brook,524,,Male,Ripe,1
4/19/2018,Shadow Brook,524,1342,Male,Ripe,1
4/23/2018,Shadow Brook,524,,Male,Ripe,1
4/24/2018,Shadow Brook,524,1082,Male,Ripe,1
4/26/2018,Shadow Brook,524,1319,Male,Ripe,1
4/11/2019,Shadow Brook,524,,Male,Ripe,1
4/17/2019,Shadow Brook,524,,Male,Ripe,1
4/17/2019,Shadow Brook,524,,Male,Ripe,1
4/22/2019,Shadow Brook,524,,Female,Ripe,1
4/5/2009,Shadow Brook,525,,Female,Ripe,1
4/10/2009,Hayden Creek,525,,Male,Ripe,1
4/17/2013,Shadow Brook,525,,Male,Ripe,1
4/10/2017,Hayden Creek,525,,Male,Ripe,1
4/14/2017,Shadow Brook,525,,Female,Hard,1
4/17/2017,Shadow Brook,525,,Male,Ripe,1
4/17/2019,Cripple Creek,525,,Male,Ripe,1
4/18/2019,Shadow Brook,525,,Male,Ripe,1
4/9/2009,Hayden Creek,526,1559,Male,Ripe,1
4/10/2017,Shadow Brook,526,,Male,Ripe,1
4/12/2017,Hayden Creek,526,,Male,Ripe,1
4/17/2017,Shadow Brook,526,,Female,Ripe,1
4/11/2018,Shadow Brook,526,,Male,Ripe,1
4/13/2018,Shadow Brook,526,1422,Male,Ripe,1
4/19/2018,Shadow Brook,526,1348,Male,Ripe,1
4/9/2019,Shadow Brook,526,,Male,Ripe,1
4/24/2019,Shadow Brook,526,,Male,Ripe,1
4/16/2009,Cripple Creek,527,,Male,Ripe,1
4/17/2009,Shadow Brook,527,,Male,Ripe,1
4/18/2009,Shadow Brook,527,,Male,Spent,1
4/15/2013,Shadow Brook,527,,Female,Hard,1
4/15/2013,Shadow Brook,527,,Male,Ripe,1
4/17/2013,Shadow Brook,527,,Male,Ripe,1
4/17/2017,Shadow Brook,527,,Male,Ripe,1
4/23/2018,Shadow Brook,527,1264,Male,Ripe,1
4/16/2009,Cripple Creek,528,,Male,Ripe,1
4/18/2009,Shadow Brook,528,,Male,Ripe,1
4/20/2009,Shadow Brook,528,,Female,Ripe,1
4/15/2013,Shadow Brook,528,,Female,Hard,1
4/17/2013,Hayden Creek,528,,Male,Ripe,1
4/18/2018,Shadow Brook,528,,Male,Ripe,1
4/16/2019,Cripple Creek,528,,Male,Ripe,1
4/18/2019,Shadow Brook,528,,Male,Ripe,1
4/7/2009,Hayden Creek,529,1786,Female,Ripe,1
4/9/2009,Hayden Creek,529,1389,Female,Hard,1
4/16/2009,Cripple Creek,529,,Male,Spent,1
4/17/2009,Hayden Creek,529,,Male,Ripe,1
4/17/2009,Shadow Brook,529,,Male,Ripe,1
4/18/2009,Shadow Brook,529,,Female,Ripe,1
4/21/2013,Shadow Brook,529,,Male,Ripe,1
4/11/2017,Shadow Brook,529,,Male,Ripe,1
4/12/2017,Hayden Creek,529,,Male,Ripe,1
4/14/2017,Cripple Creek,529,,Male,Ripe,1
4/13/2018,Shadow Brook,529,1444,Male,Ripe,1
4/17/2018,Shadow Brook,529,1578,Male,Ripe,1
4/18/2018,Shadow Brook,529,,Male,Ripe,1
4/23/2018,Hayden Creek,529,,Female,Ripe,1
4/23/2018,Shadow Brook,529,,Male,Ripe,1
4/8/2019,Hayden Creek,529,,Male,Ripe,1
4/16/2019,Shadow Brook,529,,Male,Ripe,1
4/17/2019,Shadow Brook,529,,Male,Ripe,1
4/17/2019,Shadow Brook,529,,Male,Ripe,1
4/18/2019,Shadow Brook,529,,Male,Ripe,1
4/18/2019,Shadow Brook,529,,Female,Ripe,1
4/14/2009,Hayden Creek,530,,Male,Ripe,1
4/18/2009,Shadow Brook,530,,Male,Ripe,1
4/10/2017,Shadow Brook,530,,Male,Ripe,1
4/9/2009,Hayden Creek,531,1701,Female,Spent,1
4/12/2009,Hayden Creek,531,,Male,Ripe,1
4/18/2009,Shadow Brook,531,,Male,Spent,1
4/15/2013,Shadow Brook,531,,Male,Ripe,1
4/18/2013,Shadow Brook,531,,Female,Ripe,1
4/22/2013,Shadow Brook,531,,Male,Ripe,1
4/13/2017,Cripple Creek,531,,Male,Ripe,1
4/12/2018,Shadow Brook,531,,Male,Ripe,1
4/11/2019,Shadow Brook,531,,Male,Ripe,1
4/9/2019,Shadow Brook,531,,Male,Ripe,1
4/13/2019,Hayden Creek,531,,Male,Ripe,1
4/17/2019,Shadow Brook,531,,Female,Ripe,1
4/5/2009,Hayden Creek,532,,Male,Ripe,1
4/7/2009,Hayden Creek,532,2495,Male,Ripe,1
4/7/2009,Hayden Creek,532,1758,Male,Ripe,1
4/10/2009,Hayden Creek,532,,Male,Ripe,1
4/16/2009,Cripple Creek,532,,Male,Ripe,1
4/16/2009,Shadow Brook,532,,Female,Ripe ,1
4/16/2013,Hayden Creek,532,,Male,Ripe,1
4/10/2017,Shadow Brook,532,,Male,Ripe,1
4/12/2017,Hayden Creek,532,,Male,Ripe,1
4/20/2017,Cripple Creek,532,,Female,Hard,1
4/13/2018,Shadow Brook,532,1544,Male,Ripe,1
4/17/2018,Hayden Creek,532,1430,Male,Ripe,1
4/16/2019,Shadow Brook,532,,Male,Ripe,1
4/16/2019,Shadow Brook,532,,Male,Ripe,1
4/16/2019,Shadow Brook,532,,Male,Ripe,1
4/17/2019,Shadow Brook,532,,Male,Ripe,1
4/17/2009,Cripple Creek,533,,Female,Ripe,1
4/16/2013,Hayden Creek,533,,Male,Ripe,1
4/17/2013,Shadow Brook,533,,Male,Ripe,1
4/14/2017,Shadow Brook,533,,Male,Ripe,1
4/14/2017,Shadow Brook,533,,Male,Ripe,1
4/11/2018,Shadow Brook,533,,Male,Ripe,1
4/18/2018,Shadow Brook,533,,Male,Ripe,1
4/19/2018,Shadow Brook,533,1622,Female,Ripe,1
4/24/2018,Shadow Brook,533,1340,Male,Ripe,1
4/9/2019,Shadow Brook,533,,Male,Ripe,1
4/17/2019,Cripple Creek,533,,Male,Ripe,1
4/17/2019,Shadow Brook,533,,Male,Ripe,1
4/15/2013,Shadow Brook,534,,Female,Ripe,1
4/16/2013,Shadow Brook,534,,Male,Ripe,1
4/17/2013,Shadow Brook,534,,Male,Ripe,1
4/10/2017,Shadow Brook,534,,Male,Ripe,1
4/14/2017,Cripple Creek,534,,Male,Ripe,1
4/18/2018,Shadow Brook,534,,Female,Ripe,1
4/10/2019,Shadow Brook,534,,Male,Ripe,1
4/16/2019,Shadow Brook,534,,Male,Ripe,1
4/17/2019,Shadow Brook,534,,Male,Ripe,1
4/14/2009,Hayden Creek,535,,Male,Ripe,1
4/17/2009,Shadow Brook,535,,Male,Ripe,1
4/21/2013,Shadow Brook,535,,Male,Ripe,1
4/19/2018,Shadow Brook,535,1370,Female,Ripe,1
4/26/2018,Shadow Brook,535,1352,Male,Ripe,1
4/5/2009,Hayden Creek,536,,Male,Ripe,1
4/5/2009,Shadow Brook,536,,Female,Ripe,1
4/12/2009,Shadow Brook,536,,Female,Spent,1
4/16/2009,Cripple Creek,536,,Male,Ripe,1
4/15/2013,Hayden Creek,536,,Male,Ripe,1
4/17/2013,Hayden Creek,536,,Male,Ripe,1
4/10/2017,Shadow Brook,536,,Male,Ripe,1
4/10/2018,Shadow Brook,536,,Male,Ripe,1
4/18/2018,Shadow Brook,536,,Male,Ripe,1
4/26/2018,Shadow Brook,536,1458,Male,Ripe,1
4/17/2019,Shadow Brook,536,,Male,Ripe,1
4/5/2009,Hayden Creek,537,,Male,Ripe,1
4/12/2009,Hayden Creek,537,,Female,Ripe,1
4/12/2009,Shadow Brook,537,,Male,Ripe,1
4/16/2009,Cripple Creek,537,,Male,Ripe,1
4/15/2013,Shadow Brook,537,,Male,Ripe,1
4/15/2013,Shadow Brook,537,,Female,Ripe,1
4/12/2017,Hayden Creek,537,,Male,Ripe,1
4/12/2017,Hayden Creek,537,,Male,Ripe,1
4/17/2018,Hayden Creek,537,1404,Male,Ripe,1
4/18/2018,Shadow Brook,537,,Female,Ripe,1
4/16/2019,Shadow Brook,537,,Male,Ripe,1
4/17/2019,Shadow Brook,537,,Male,Ripe,1
4/18/2019,Shadow Brook,537,,Male,Ripe,1
4/16/2009,Cripple Creek,538,,Male,Ripe,1
4/10/2017,Shadow Brook,538,,Male,Ripe,1
4/5/2009,Hayden Creek,539,,Male,Ripe,1
4/5/2009,Hayden Creek,539,,Male,Ripe,1
4/7/2009,Hayden Creek,539,1588,Male,Ripe,1
4/7/2009,Shadow Brook,539,1857,Female,Hard,1
4/15/2013,Shadow Brook,539,,Male,Ripe,1
4/17/2013,Hayden Creek,539,,Male,Ripe,1
4/10/2017,Hayden Creek,539,,Male,Ripe,1
4/10/2017,Hayden Creek,539,,Male,Ripe,1
4/12/2017,Hayden Creek,539,,Male,Ripe,1
4/12/2017,Hayden Creek,539,,Male,Ripe,1
4/8/2019,Shadow Brook,539,,Male,Ripe,1
4/9/2019,Shadow Brook,539,,Male,Ripe,1
4/9/2019,Shadow Brook,539,,Female,Hard,1
4/5/2009,Hayden Creek,540,,Male,Ripe,1
4/5/2009,Hayden Creek,540,,Male,Ripe,1
4/16/2009,Cripple Creek,540,,Male,Ripe,1
4/15/2013,Hayden Creek,540,,Male,Hard,1
4/11/2017,Shadow Brook,540,,Male,Ripe,1
4/5/2009,Hayden Creek,541,,Male,Ripe,1
4/10/2017,Shadow Brook,541,,Male,Ripe,1
4/11/2017,Shadow Brook,541,,Male,Ripe,1
4/19/2018,Shadow Brook,541,1592,Male,Ripe,1
4/13/2019,Shadow Brook,541,,Male,Ripe,1
4/16/2019,Shadow Brook,541,,Male,Ripe,1
4/18/2019,Shadow Brook,541,,Male,Ripe,1
4/5/2009,Shadow Brook,542,,Male,Ripe,1
4/9/2009,Hayden Creek,542,1616,Male,Ripe,1
4/10/2017,Hayden Creek,542,,Male,Ripe,1
4/11/2017,Shadow Brook,542,,Male,Ripe,1
4/12/2017,Hayden Creek,542,,Male,Ripe,1
4/16/2019,Shadow Brook,542,,Male,Ripe,1
4/17/2009,Shadow Brook,543,,Male,Ripe,1
4/14/2017,Shadow Brook,543,,Male,Ripe,1
4/17/2019,Shadow Brook,543,,Male,Ripe,1
4/5/2009,Hayden Creek,544,,Female,Ripe,1
4/7/2009,Hayden Creek,544,1701,Male,Ripe,1
4/9/2009,Hayden Creek,544,1503,Male,Ripe,1
4/9/2009,Hayden Creek,544,1871,Male,Hard,1
4/9/2009,Hayden Creek,544,1701,Female,Ripe,1
4/16/2013,Hayden Creek,544,,Male,Ripe,1
4/13/2017,Cripple Creek,544,,Male,Ripe,1
4/11/2018,Shadow Brook,544,,Female,Ripe,1
4/12/2018,Shadow Brook,544,,Male,Ripe,1
4/15/2018,Shadow Brook,544,1506,Female,Ripe,1
4/15/2018,Shadow Brook,544,1486,Male,Ripe,1
4/16/2019,Shadow Brook,544,,Male,Ripe,1
4/5/2009,Hayden Creek,545,,Female,Ripe,1
4/12/2009,Leatherstocking Creek,545,,Male,Ripe,1
4/17/2013,Hayden Creek,545,,Male,Ripe,1
4/17/2013,Hayden Creek,545,,Male,Ripe,1
4/10/2017,Shadow Brook,545,,Male,Ripe,1
4/19/2018,Shadow Brook,545,1402,Male,Ripe,1
4/17/2019,Cripple Creek,545,,Male,Ripe,1
4/5/2009,Hayden Creek,546,,Male,Ripe,1
4/7/2009,Shadow Brook,546,1758,Female,Hard,1
4/16/2009,Cripple Creek,546,,Male,Ripe,1
4/18/2009,Shadow Brook,546,,Male,Ripe,1
4/17/2013,Hayden Creek,546,,Male,Ripe,1
4/18/2013,Shadow Brook,546,,Female,Spent,1
4/18/2013,Shadow Brook,546,,Male,Ripe,1
4/22/2013,Shadow Brook,546,,Female,Spent,1
4/10/2017,Shadow Brook,546,,Male,Ripe,1
4/10/2017,Shadow Brook,546,,Male,Ripe,1
4/18/2018,Shadow Brook,546,,Female,Ripe,1
4/23/2018,Hayden Creek,546,,Female,Ripe,1
4/16/2019,Cripple Creek,546,,Male,Ripe,1
4/16/2019,Shadow Brook,546,,Male,Ripe,1
4/5/2009,Hayden Creek,547,,Male,Ripe,1
4/17/2013,Shadow Brook,547,,Male,Ripe,1
4/18/2018,Shadow Brook,547,,Male,Ripe,1
4/5/2009,Hayden Creek,548,,Male,Ripe,1
4/16/2009,Cripple Creek,548,,Male,Ripe,1
4/17/2009,Cripple Creek,548,,Male,Ripe,1
4/15/2013,Shadow Brook,548,,Male,Hard,1
4/18/2013,Shadow Brook,548,,Male,Ripe,1
4/10/2017,Shadow Brook,548,,Male,Ripe,1
4/17/2017,Shadow Brook,548,,Male,Ripe,1
4/11/2018,Shadow Brook,548,,Female,Hard,1
4/13/2019,Shadow Brook,548,,Male,Ripe,1
4/7/2009,Hayden Creek,550,1644,Male,Hard,1
4/16/2009,Cripple Creek,550,,Male,Spent,1
4/15/2013,Shadow Brook,550,,Female,Spent,1
4/11/2017,Shadow Brook,550,,Male,Ripe,1
4/16/2013,Hayden Creek,551,,Male,Ripe,1
4/10/2017,Shadow Brook,551,,Female,Ripe,1
4/10/2018,Shadow Brook,551,,Male,Ripe,1
4/18/2018,Shadow Brook,551,,Male,Ripe,1
4/18/2009,Shadow Brook,552,,Male,Ripe,1
4/17/2013,Hayden Creek,552,,Male,Ripe,1
4/10/2017,Shadow Brook,552,,Male,Ripe,1
4/18/2019,Cripple Creek,552,,Male,Ripe,1
4/5/2009,Shadow Brook,553,,Male,Ripe,1
4/10/2009,Hayden Creek,553,,Female,Ripe,1
4/16/2009,Cripple Creek,553,,Male,Ripe,1
4/19/2018,Shadow Brook,553,1742,Female,Ripe,1
4/11/2019,Shadow Brook,553,,Female,Hard,1
4/22/2019,Shadow Brook,553,,Male,Ripe,1
4/16/2009,Cripple Creek,554,,Male,Ripe,1
4/10/2018,Shadow Brook,554,,Male,Ripe,1
4/10/2018,Shadow Brook,554,,Female,Ripe,1
4/19/2018,Shadow Brook,554,1716,Female,Ripe,1
4/23/2018,Shadow Brook,554,,Male,Ripe,1
4/16/2019,Shadow Brook,554,,Female,Ripe,1
4/23/2018,Shadow Brook,555,,Male,Ripe,1
4/26/2018,Shadow Brook,555,1671,Male,Ripe,1
4/13/2019,Hayden Creek,555,,Female,S,1
4/18/2019,Shadow Brook,555,,Male,Ripe,1
4/12/2009,Hayden Creek,556,,Male,Ripe,1
4/12/2009,Shadow Brook,556,,Male,Ripe,1
4/14/2009,Hayden Creek,556,,Male,Ripe,1
4/16/2009,Cripple Creek,556,,Male,Spent,1
4/17/2013,Hayden Creek,556,,Female,Ripe,1
4/10/2017,Shadow Brook,556,,Male,Ripe,1
4/11/2017,Shadow Brook,556,,Male,Ripe,1
4/12/2018,Shadow Brook,556,,Female,Ripe,1
4/13/2018,Shadow Brook,556,1664,Male,Ripe,1
4/26/2018,Shadow Brook,556,1563,Male,Ripe,1
4/17/2019,Shadow Brook,556,,Female,Ripe,1
4/5/2009,Hayden Creek,557,,Male,Ripe,1
4/7/2009,Hayden Creek,557,1871,Male,Ripe,1
4/9/2009,Hayden Creek,557,1559,Female,Ripe,1
4/12/2009,Shadow Brook,557,,Male,Hard,1
4/17/2013,Shadow Brook,557,,Female,Spent,1
4/10/2017,Shadow Brook,557,,Female,Ripe,1
4/12/2017,Hayden Creek,557,,Male,Ripe,1
4/12/2017,Hayden Creek,557,,Male,Ripe,1
4/12/2017,Shadow Brook,557,,Female,Ripe,1
4/10/2018,Shadow Brook,557,,Male,Ripe,1
4/12/2009,Shadow Brook,558,,Male,Ripe,1
4/16/2009,Cripple Creek,558,,Male,Spent,1
4/17/2009,Shadow Brook,558,,Male,Ripe,1
4/5/2009,Hayden Creek,559,,Male,Ripe,1
4/10/2009,Hayden Creek,559,,Female,Ripe,1
4/12/2009,Shadow Brook,559,,Female,Ripe,1
4/12/2009,Shadow Brook,559,,Female,Ripe,1
4/17/2013,Shadow Brook,559,,Male,Ripe,1
4/10/2017,Hayden Creek,559,,Male,Ripe,1
4/10/2017,Shadow Brook,559,,Female,Spent,1
4/26/2018,Shadow Brook,559,1580,Male,Ripe,1
4/17/2009,Shadow Brook,560,,Male,Ripe,1
4/11/2019,Shadow Brook,560,,Male,Ripe,1
4/11/2019,Shadow Brook,560,,Female,Hard,1
4/14/2009,Hayden Creek,561,,Male,Ripe,1
4/16/2009,Cripple Creek,561,,Male,Ripe,1
4/18/2009,Shadow Brook,561,,Male,Spent,1
4/18/2009,Shadow Brook,561,,Male,Ripe,1
4/20/2009,Leatherstocking Creek,561,,Female,Ripe,1
4/18/2013,Shadow Brook,561,,Male,Ripe,1
4/7/2009,Shadow Brook,562,,Male,Ripe,1
4/12/2009,Leatherstocking Creek,562,,Female,Ripe,1
4/12/2009,Leatherstocking Creek,562,,Female,Ripe,1
4/15/2013,Shadow Brook,562,,Male,Hard,1
4/12/2017,Shadow Brook,562,,Female,Ripe,1
4/8/2019,Shadow Brook,562,,Female,Hard,1
4/12/2017,Shadow Brook,563,,Male,Ripe,1
4/18/2013,Shadow Brook,564,,Male,Ripe,1
4/10/2017,Shadow Brook,564,,Female,Spent,1
4/12/2017,Shadow Brook,564,,Male,Ripe,1
4/23/2018,Shadow Brook,564,,Male,Ripe,1
4/24/2018,Shadow Brook,564,1663,Female,Ripe,1
4/5/2009,Hayden Creek,565,,Female,Ripe,1
4/7/2009,Hayden Creek,565,1077,Male,Ripe,1
4/11/2017,Shadow Brook,565,,Male,Ripe,1
4/18/2018,Shadow Brook,565,,Female,Ripe,1
4/11/2019,Shadow Brook,565,,Female,Ripe,1
4/17/2013,Shadow Brook,566,,Female,Hard,1
4/17/2013,Shadow Brook,566,,Female,Spent,1
4/10/2017,Shadow Brook,566,,Male,Ripe,1
4/11/2017,Shadow Brook,566,,Female,Hard,1
4/12/2017,Hayden Creek,566,,Female,Ripe,1
4/30/2018,Shadow Brook,566,1619,Male,Ripe,1
4/10/2019,Shadow Brook,566,,Male,Ripe,1
4/15/2013,Shadow Brook,567,,Male,Ripe,1
4/17/2013,Shadow Brook,567,,Male,Ripe,1
4/26/2018,Shadow Brook,567,1694,Male,Ripe,1
4/11/2018,Shadow Brook,569,,Male,Ripe,1
4/17/2019,Hayden Creek,569,,Female,Ripe,1
4/11/2019,Shadow Brook,570,,Female,Ripe,1
4/9/2019,Shadow Brook,570,,Female,Hard,1
4/11/2017,Shadow Brook,571,,Male,Ripe,1
4/11/2018,Shadow Brook,571,,Male,Ripe,1
4/16/2009,Cripple Creek,572,,Male,Spent,1
4/10/2017,Shadow Brook,572,,Male,Ripe,1
4/12/2017,Hayden Creek,572,,Male,Ripe,1
4/7/2009,Hayden Creek,573,,Female,Ripe,1
4/12/2017,Hayden Creek,573,,Male,Ripe,1
4/17/2019,Shadow Brook,573,,Female,Ripe,1
4/5/2009,Hayden Creek,574,,Male,Ripe,1
4/14/2009,Hayden Creek,574,,Female,Ripe,1
4/18/2009,Shadow Brook,574,,Male,Ripe,1
4/23/2018,Hayden Creek,574,,Female,Ripe,1
4/11/2019,Shadow Brook,574,,Female,Hard,1
4/13/2019,Shadow Brook,574,,Female,Hard,1
4/18/2018,Shadow Brook,575,,Female,Ripe,1
4/9/2019,Shadow Brook,575,,Female,Hard,1
4/18/2013,Shadow Brook,576,,Male,Ripe,1
4/10/2017,Shadow Brook,576,,Male,Ripe,1
4/12/2017,Shadow Brook,576,,Male,Ripe,1
4/12/2017,Shadow Brook,576,,Female,Spent,1
4/14/2017,Cripple Creek,576,,Male,Ripe,1
4/17/2019,Shadow Brook,576,,Female,Ripe,1
4/12/2009,Hayden Creek,577,,Female,Ripe,1
4/16/2009,Cripple Creek,577,,Male,Ripe,1
4/18/2018,Shadow Brook,578,,Female,Ripe,1
4/13/2019,Shadow Brook,579,,Male,Ripe,1
4/10/2009,Hayden Creek,580,,Female,Ripe,1
4/23/2018,Shadow Brook,581,,Female,Ripe,1
4/11/2019,Shadow Brook,581,,Female,Hard,1
4/5/2009,Hayden Creek,582,,Male,Hard,1
4/10/2009,Hayden Creek,582,,Male,Ripe,1
4/11/2019,Shadow Brook,582,,Male,Ripe,1
4/8/2019,Cripple Creek,582,,Female,Hard,1
4/17/2009,Cripple Creek,583,,Male,Ripe,1
4/13/2018,Shadow Brook,583,2038,Female,Ripe,1
4/10/2009,Hayden Creek,584,,Female,Ripe,1
4/21/2013,Shadow Brook,584,,Male,Ripe,1
4/11/2017,Shadow Brook,584,,Female,Hard,1
4/5/2009,Hayden Creek,586,,Female,Hard,1
4/12/2009,Leatherstocking Creek,586,,Female,Ripe,1
4/17/2017,Shadow Brook,586,,Male,Ripe,1
4/13/2017,Cripple Creek,587,,Female,Hard,1
4/11/2018,Shadow Brook,587,,Female,Ripe,1
4/10/2017,Hayden Creek,588,,Male,Ripe,1
4/11/2017,Shadow Brook,589,,Male,Ripe,1
4/12/2017,Hayden Creek,589,,Female,Ripe,1
4/15/2018,Hayden Creek,589,,Female,Ripe,1
4/16/2019,Shadow Brook,589,,Female,Ripe,1
4/16/2009,Cripple Creek,590,,Male,Spent,1
4/12/2009,Shadow Brook,591,,Male,Hard,1
4/5/2009,Hayden Creek,592,,Female,Ripe,1
4/21/2013,Shadow Brook,592,,Male,Ripe,1
4/12/2009,Shadow Brook,593,,Female,Ripe,1
4/11/2017,Shadow Brook,593,,Female,Hard,1
4/18/2019,Shadow Brook,593,,Female,Ripe,1
4/18/2019,Shadow Brook,593,,Female,Ripe,1
4/12/2009,Leatherstocking Creek,594,,Female,Hard,1
4/15/2018,Hayden Creek,594,,Female,Ripe,1
4/7/2009,Hayden Creek,596,2098,Male,Hard,1
4/14/2017,Hayden Creek,596,,Female,Ripe,1
4/11/2017,Shadow Brook,598,,Female,Ripe,1
4/5/2009,Hayden Creek,601,,Female,Ripe,1
4/18/2017,Shadow Brook,601,,Female,Ripe,1
4/10/2018,Shadow Brook,601,,Female,Ripe,1
4/18/2018,Shadow Brook,602,,Female,Ripe,1
4/5/2009,Shadow Brook,603,,Female,Hard,1
4/7/2009,Shadow Brook,604,,Female,Hard,1
4/16/2009,Cripple Creek,605,,Female,Ripe,1
4/11/2017,Shadow Brook,605,,Female,Hard,1
4/17/2018,Hayden Creek,606,2238,Female,Ripe,1
4/16/2009,Cripple Creek,608,,Male,Ripe,1
4/5/2009,Hayden Creek,609,,Female,Hard,1
4/5/2009,Hayden Creek,609,,Female,Hard,1
4/12/2009,Shadow Brook,610,,Male,Spent,1
4/17/2013,Hayden Creek,611,,Female,Ripe,1
4/11/2017,Shadow Brook,611,,Female,Hard,1
4/10/2019,Shadow Brook,612,,Female,Ripe,1
4/5/2009,Hayden Creek,613,,Female,Hard,1
4/10/2017,Shadow Brook,614,,Female,Hard,1
4/7/2009,Hayden Creek,616,,Female,Ripe,1
4/17/2019,Shadow Brook,617,,Female,S,1
4/8/2019,Shadow Brook,619,,Female,Hard,1
4/9/2019,Shadow Brook,620,,Female,Hard,1
4/9/2019,Shadow Brook,623,,Female,Hard,1
4/16/2013,Shadow Brook,624,,Female,Ripe,1
4/16/2013,Hayden Creek,628,,Female,Ripe,1
4/17/2013,Hayden Creek,632,,Female,Ripe,1
4/9/2019,Hayden Creek,636,,Female,Hard,1
4/12/2009,Leatherstocking Creek,639,,Female,Ripe,1
4/5/2009,Hayden Creek,641,,Female,Ripe,1
4/5/2009,Hayden Creek,644,,Female,Ripe,1
4/7/2009,Hayden Creek,645,,Female,Ripe,1
4/13/2017,Cripple Creek,646,,Female,Hard,1
4/8/2019,Shadow Brook,647,,Female,Hard,1
4/5/2009,Hayden Creek,653,,Female,Ripe,1
4/12/2017,Shadow Brook,654,,Female,Ripe,1
4/10/2019,Shadow Brook,661,,Female,Ripe,1
4/11/2019,Shadow Brook,664,,Female,Hard,1
